-- phpMyAdmin SQL Dump
-- version 4.4.15.5
-- http://www.phpmyadmin.net
--
-- Host: 127.0.0.1:3306
-- Generation Time: Apr 23, 2017 at 04:54 PM
-- Server version: 5.6.34-log
-- PHP Version: 7.0.13

SET SQL_MODE = "NO_AUTO_VALUE_ON_ZERO";
SET time_zone = "+00:00";


/*!40101 SET @OLD_CHARACTER_SET_CLIENT=@@CHARACTER_SET_CLIENT */;
/*!40101 SET @OLD_CHARACTER_SET_RESULTS=@@CHARACTER_SET_RESULTS */;
/*!40101 SET @OLD_COLLATION_CONNECTION=@@COLLATION_CONNECTION */;
/*!40101 SET NAMES utf8mb4 */;

--
-- Database: `parking`
--

-- --------------------------------------------------------

--
-- Table structure for table `abonnement`
--

CREATE TABLE IF NOT EXISTS `abonnement` (
  `id_abonnement` int(20) NOT NULL,
  `DateDeb` datetime NOT NULL,
  `DateFin` datetime NOT NULL,
  `id_place` varchar(20) NOT NULL,
  `id_client` varchar(20) NOT NULL,
  `id_offre` varchar(20) NOT NULL
) ENGINE=InnoDB AUTO_INCREMENT=15 DEFAULT CHARSET=latin1;

--
-- Dumping data for table `abonnement`
--

INSERT INTO `abonnement` (`id_abonnement`, `DateDeb`, `DateFin`, `id_place`, `id_client`, `id_offre`) VALUES
(3, '2017-04-06 18:02:56', '2017-05-06 16:02:56', '10', 'jesus@', '4'),
(4, '2017-04-06 18:03:18', '2018-04-06 16:03:18', '100', 'jesus@', '3'),
(5, '2017-04-08 16:55:38', '2017-05-08 14:55:38', '1223', 'jesus@', '7'),
(6, '2017-04-08 16:59:43', '2017-05-08 16:59:43', '7500', 'jesus@', '26'),
(7, '2017-04-22 16:37:37', '2018-04-22 16:37:37', '1000', 'jesus@', '25'),
(8, '2017-04-22 16:41:32', '2018-04-22 16:41:32', '1224', 'jesus@', '8'),
(9, '2017-04-22 17:15:54', '2017-05-22 17:15:54', '1913', 'bob', '19'),
(10, '2017-04-22 18:33:03', '2017-05-22 18:33:03', '1431', 'nab', '22'),
(11, '2017-04-23 13:09:25', '2018-04-23 13:09:25', '1225', 'jesus@', '8'),
(12, '2017-04-23 13:09:41', '2017-04-30 13:09:41', '1226', 'jesus@', '9'),
(13, '2017-04-23 15:42:11', '2017-05-23 15:42:11', '1001', 'jesus@', '24'),
(14, '2017-04-23 18:35:06', '2018-04-23 18:35:06', '1432', 'julien@', '21');

-- --------------------------------------------------------

--
-- Table structure for table `client`
--

CREATE TABLE IF NOT EXISTS `client` (
  `Nom` varchar(70) NOT NULL,
  `Prenom` varchar(70) NOT NULL,
  `Adresse` varchar(300) NOT NULL,
  `mail` varchar(100) NOT NULL,
  `MotDePasse` varchar(50) DEFAULT NULL,
  `Telephone` varchar(15) NOT NULL,
  `PMR` tinyint(1) DEFAULT NULL,
  `Abonne` tinyint(1) DEFAULT NULL,
  `Admin` tinyint(1) NOT NULL
) ENGINE=InnoDB DEFAULT CHARSET=latin1;

--
-- Dumping data for table `client`
--

INSERT INTO `client` (`Nom`, `Prenom`, `Adresse`, `mail`, `MotDePasse`, `Telephone`, `PMR`, `Abonne`, `Admin`) VALUES
('a', 'z', 'e', 'a', 'z', 'r', 0, 0, 0),
('bob', 'lenon', '6875dckjsgjf', 'bob', '11', '2478562', 0, 0, 0),
('christ', 'jesus', 'jerusalem', 'jesus@', '1', '52658', 0, 0, 0),
('cherel', 'julien', 'uiuj', 'julien@', '1', '3546847525', 0, 0, 0),
('bobo', 'jean', '453hhfhdf', 'nab', '111', '4563', 0, 0, 0),
('t', 'y', 'u', 'o', 'p', 'i', 0, 0, 0),
('ELAZRI', 'Yassine', 'RES', 'yassine@', '12345', '0545333', 0, 0, 0);

-- --------------------------------------------------------

--
-- Table structure for table `occupation`
--

CREATE TABLE IF NOT EXISTS `occupation` (
  `DateDebut` datetime DEFAULT NULL,
  `DateFin` datetime DEFAULT NULL,
  `IndentifiantClients` varchar(50) NOT NULL,
  `identifiantPlace` varchar(50) NOT NULL
) ENGINE=InnoDB DEFAULT CHARSET=latin1;

-- --------------------------------------------------------

--
-- Table structure for table `offresabonnement`
--

CREATE TABLE IF NOT EXISTS `offresabonnement` (
  `IdentifiantOffre` varchar(25) NOT NULL,
  `IdentifiantPark` varchar(50) NOT NULL,
  `Libelle` varchar(200) DEFAULT NULL,
  `Prix` float DEFAULT NULL,
  `nbJour` int(25) DEFAULT NULL
) ENGINE=InnoDB DEFAULT CHARSET=latin1;

--
-- Dumping data for table `offresabonnement`
--

INSERT INTO `offresabonnement` (`IdentifiantOffre`, `IdentifiantPark`, `Libelle`, `Prix`, `nbJour`) VALUES
('1', '8', 'Abonnement annuel résident (24h/24, 7j/7)', 848, 365),
('10', '6', 'Abonnement annuel résident (24h/24, 7j/7)', 1026, 365),
('11', '6', 'Abonnement annuel résident moto (24h/24, 7j/7)', 634, 365),
('12', '6', 'Abonnement mensuel véhicule électrique 4 roues', 234, 30),
('13', '6', 'Abonnement mensuel véhicule électrique 2 roues', 228, 30),
('14', '6', 'Abonnement annuel voiture (24h/24, 7J/7)', 1557, 365),
('15', '6', 'Abonnement annuel moto', 825, 365),
('16', '9', 'Abonnement annuel résident (24h/24, 7j/7)', 669, 365),
('17', '9', 'Abonnement annuel voiture (24h/24, 7J/7)', 1442, 365),
('18', '5', 'Abonnement mensuel résident', 87, 30),
('19', '5', 'Abonnement mensuel travail', 132, 30),
('2', '8', 'Abonnement mensuel résident (24h/24, 7j/7)', 41, 30),
('20', '5', 'Abonnement mensuel Grand Cœur', 96, 30),
('21', '4', 'Abonnement annuel résident (24h/24, 7j/7)', 911, 365),
('22', '4', 'Forfait mensuel', 146, 30),
('23', '4', 'Abonnement annuel voiture (24h/24, 7J/7)', 1407, 365),
('24', '2', 'Abonnement mensuel voiture (24h/24, 7j/7)', 150, 30),
('25', '2', 'Abonnement annuel voiture (24h/24, 7J/7)', 1500, 365),
('26', '12', 'Abonnement mensuel résident', 60, 30),
('27', '12', 'Abonnement mensuel travail', 100, 30),
('28', '12', 'Abonnement mensuel travail jour L/V (6h/22h)', 80, 30),
('3', '1', 'Abonnement annuel résident ', 87, 365),
('4', '1', 'Abonnment mensuel travail', 132, 30),
('5', '1', 'Forfait 7 jours', 50, 7),
('6', '1', 'Abonnement mensuel Grand Cœur', 96, 30),
('7', '3', 'Abonnement mensuel permanent résident', 53, 30),
('8', '3', 'Abonnement annuel moto', 611, 365),
('9', '3', 'Forfait 7 jours', 53, 7);

-- --------------------------------------------------------

--
-- Table structure for table `parking`
--

CREATE TABLE IF NOT EXISTS `parking` (
  `IdentifiantPark` varchar(50) NOT NULL,
  `LibellePark` varchar(50) NOT NULL,
  `TypePark` varchar(50) NOT NULL,
  `Propriataire` varchar(100) NOT NULL,
  `Adresse` varchar(300) NOT NULL,
  `lien` varchar(500) NOT NULL,
  `Surface` bigint(20) NOT NULL,
  `NbrNiveau` int(11) DEFAULT NULL,
  `PlaceTotal` int(11) DEFAULT NULL,
  `PlacePublique` int(11) DEFAULT NULL,
  `PlaceRes` int(11) DEFAULT NULL,
  `PlacePMR` int(11) DEFAULT NULL,
  `PrixQuartHeure_Jour` float DEFAULT NULL,
  `PrixQuartHeure_Nuit` float DEFAULT NULL
) ENGINE=InnoDB DEFAULT CHARSET=latin1;

--
-- Dumping data for table `parking`
--

INSERT INTO `parking` (`IdentifiantPark`, `LibellePark`, `TypePark`, `Propriataire`, `Adresse`, `lien`, `Surface`, `NbrNiveau`, `PlaceTotal`, `PlacePublique`, `PlaceRes`, `PlacePMR`, `PrixQuartHeure_Jour`, `PrixQuartHeure_Nuit`) VALUES
('1', 'Arc de Triomphe', 'Souterrain', 'Ville de Montpellier', 'Rue Foch, 34000 Montpellier', '<iframe src="https://www.google.com/maps/embed?pb=!1m18!1m12!1m3!1d5777.635577279342!2d3.869242559115283!3d43.61033535500406!2m3!1f0!2f0!3f0!3m2!1i1024!2i768!4f13.1!3m3!1m2!1s0x12b6af0779f1ec2d%3A0x69df51437715337a!2sParking+EFFIA+Montpellier+Arc+de+Triomphe!5e0!3m2!1sfr!2sfr!4v1488201115196" width="600" height="450" frameborder="0" style="border:0" allowfullscreen></iframe>\r\n', 9375, 5, 451, 438, 0, 10, 1, 0.3),
('10', 'Corum', 'Souterrain', 'Montpellier Méditerranée Métropole', 'Avenue François Delmas, 34000 Montpellier', '<iframe src="https://www.google.com/maps/embed?pb=!1m18!1m12!1m3!1d2888.6487895031014!2d3.87971911521475!3d43.61385377912268!2m3!1f0!2f0!3f0!3m2!1i1024!2i768!4f13.1!3m3!1m2!1s0x12b6af0ceb258d63%3A0x5dc2aff4dd5ad237!2sParking+Corum!5e0!3m2!1sfr!2sfr!4v1488201497410" width="600" height="450" frameborder="0" style="border:0" allowfullscreen></iframe>\r\n', 0, 3, 483, 473, 0, 10, 0.8, 0.3),
('11', 'Saint Roch', 'Elévation', 'Ville de Montpellier', 'Rue du Grand Saint-Jean, 34000 Montpellier', '<iframe src="https://www.google.com/maps/embed?pb=!1m18!1m12!1m3!1d2889.1416698233793!2d3.8766637152143475!3d43.60359177912305!2m3!1f0!2f0!3f0!3m2!1i1024!2i768!4f13.1!3m3!1m2!1s0x12b6afa4506e04e1%3A0x3c3740ce4e40d81e!2sParking+Saint-Roch!5e0!3m2!1sfr!2sfr!4v1488201523455" width="600" height="450" frameborder="0" style="border:0" allowfullscreen></iframe>\r\n', 0, 11, 805, 711, 94, 12, 0.8, 0.2),
('12', 'Hôtel de ville', 'Souterrain', 'Ville de Montpellier', 'Avenue Germaine Tillion, 34000 Montpellier', '<iframe src="https://www.google.com/maps/embed?pb=!1m16!1m12!1m3!1d2889.3848722518237!2d3.8941230152141757!3d43.59852747912317!2m3!1f0!2f0!3f0!3m2!1i1024!2i768!4f13.1!2m1!1sparking+hotel+de+ville!5e0!3m2!1sfr!2sfr!4v1488201560076" width="600" height="450" frameborder="0" style="border:0" allowfullscreen></iframe>\r\n', 0, 4, 682, 452, 232, 15, 0.6, 0.2),
('2', 'Pitot', 'Souterrain', 'Ville de Montpellier', '8 rue du Carré du Roi, 34000 Montpellier', '<iframe src="https://www.google.com/maps/embed?pb=!1m18!1m12!1m3!1d2888.7064490870985!2d3.8687485152146937!3d43.61265337912275!2m3!1f0!2f0!3f0!3m2!1i1024!2i768!4f13.1!3m3!1m2!1s0x12b6af011de3248d%3A0x87dacccb44e442e1!2sParking+Indigo+Peyrou+Pitot!5e0!3m2!1sfr!2sfr!4v1488201224289" width="600" height="450" frameborder="0" style="border:0" allowfullscreen></iframe>\r\n', 18000, 3, 771, 553, 208, 10, 0.6, 0.2),
('3', 'Arceaux', 'Surface', 'Ville de Montpellier', 'Rue Paladilhe, 34000 Montpellier', '<iframe src="https://www.google.com/maps/embed?pb=!1m18!1m12!1m3!1d2888.736147793269!2d3.8652758152146696!3d43.61203507912275!2m3!1f0!2f0!3f0!3m2!1i1024!2i768!4f13.1!3m3!1m2!1s0x12b6af0a1c58663b%3A0xf3b8e8de924db58a!2sParking+des+Arceaux!5e0!3m2!1sfr!2sfr!4v1488201259932" width="600" height="450" frameborder="0" style="border:0" allowfullscreen></iframe>\r\n', 5950, 1, 208, 203, 0, 5, 0.6, 0.2),
('4', 'Gambetta', 'Souterrain', 'Ville de Montpellier', 'Cours Gambetta, 34000 Montpellier', '<iframe src="https://www.google.com/maps/embed?pb=!1m18!1m12!1m3!1d2888.9279876616265!2d3.866645215214527!3d43.60804097912284!2m3!1f0!2f0!3f0!3m2!1i1024!2i768!4f13.1!3m3!1m2!1s0x12b6af0a1c58663b%3A0x8026d693a14bedbf!2sParking+Gambetta!5e0!3m2!1sfr!2sfr!4v1488201297538" width="600" height="450" frameborder="0" style="border:0" allowfullscreen></iframe>\r\n', 10950, 1, 482, 472, 0, 10, 0.8, 0.3),
('5', 'Foch Préfecture', 'Souterrain', 'Ville de Montpellier', 'Place Martyrs de la Résistance, 34000 Montpellier', '<iframe src="https://www.google.com/maps/embed?pb=!1m18!1m12!1m3!1d1444.4026540247346!2d3.87545562749139!3d43.610595198463834!2m3!1f0!2f0!3f0!3m2!1i1024!2i768!4f13.1!3m3!1m2!1s0x12b6af0804ed9197%3A0x21f82819e80e5d9b!2sParking+Foch+Pr%C3%A9fecture+Vinci+Park!5e0!3m2!1sfr!2sfr!4v1488201336076" width="600" height="450" frameborder="0" style="border:0" allowfullscreen></iframe>', 10750, 5, 685, 385, 291, 9, 0.8, 0.3),
('6', 'Comédie', 'Souterrain', 'Ville de Montpellier', 'Place de la Comédie, 34000 Montpellier', '<iframe src="https://www.google.com/maps/embed?pb=!1m18!1m12!1m3!1d2888.8962210520726!2d3.878151315214525!3d43.608702379122924!2m3!1f0!2f0!3f0!3m2!1i1024!2i768!4f13.1!3m3!1m2!1s0x12b6afa7249e07c3%3A0x889767ab87f19a7b!2sParking+de+la+Com%C3%A9die!5e0!3m2!1sfr!2sfr!4v1488201365323" width="600" height="450" frameborder="0" style="border:0" allowfullscreen></iframe>', 19800, 4, 824, 787, 20, 17, 0.8, 0.3),
('7', 'Polygone', 'Souterrain', 'Ville de Montpellier', 'Centre Commercial Polygone, 1 rue des Pertuisanes, 34000 Montpellier', '<iframe src="https://www.google.com/maps/embed?pb=!1m18!1m12!1m3!1d2888.932026902048!2d3.8830940152145095!3d43.60795687912291!2m3!1f0!2f0!3f0!3m2!1i1024!2i768!4f13.1!3m3!1m2!1s0x12b6ac334510db47%3A0x535090b4479dd99b!2sParking+du+Polygone!5e0!3m2!1sfr!2sfr!4v1488201392257" width="600" height="450" frameborder="0" style="border:0" allowfullscreen></iframe>', 49325, 4, 1942, 1922, 0, 20, 0.6, 0.2),
('8', 'Antigone', 'Souterrain', 'Ville de Montpellier', 'Boulevard d''Antigone, 34000 Montpellier', '<iframe src="https://www.google.com/maps/embed?pb=!1m18!1m12!1m3!1d2888.9152368195896!2d3.8858835125899973!3d43.60830646031934!2m3!1f0!2f0!3f0!3m2!1i1024!2i768!4f13.1!3m3!1m2!1s0x12b6af9fe8d6f44f%3A0x35a6a342241a75aa!2sParking+Antigone!5e0!3m2!1sfr!2sfr!4v1488201429780" width="600" height="450" frameborder="0" style="border:0" allowfullscreen></iframe>', 4000, 2, 248, 242, 0, 6, 0.6, 0.2),
('9', 'Europa', 'Souterrain', 'Ville de Montpellier', 'Place Dionysos, 34000 Montpellier', '<iframe src="https://www.google.com/maps/embed?pb=!1m18!1m12!1m3!1d2888.928400711465!2d3.8918963152145234!3d43.608032379122896!2m3!1f0!2f0!3f0!3m2!1i1024!2i768!4f13.1!3m3!1m2!1s0x12b6aff80a14c783%3A0xa5d890655a9eaa90!2sParking+Europa!5e0!3m2!1sfr!2sfr!4v1488201471862" width="600" height="450" frameborder="0" style="border:0" allowfullscreen></iframe>', 5560, 2, 600, 590, 0, 10, 0.6, 0.2);

-- --------------------------------------------------------

--
-- Table structure for table `place`
--

CREATE TABLE IF NOT EXISTS `place` (
  `identifiantPlace` varchar(50) NOT NULL,
  `PMR` tinyint(1) DEFAULT NULL,
  `IdentifiantPark` varchar(50) NOT NULL
) ENGINE=InnoDB DEFAULT CHARSET=latin1;

--
-- Dumping data for table `place`
--

INSERT INTO `place` (`identifiantPlace`, `PMR`, `IdentifiantPark`) VALUES
('1', 0, '1'),
('10', 0, '1'),
('100', 0, '1'),
('1000', 0, '2'),
('1001', 0, '2'),
('1002', 0, '2'),
('1003', 0, '2'),
('1004', 0, '2'),
('1005', 0, '2'),
('1006', 0, '2'),
('1007', 0, '2'),
('1008', 0, '2'),
('1009', 0, '2'),
('101', 0, '1'),
('1010', 0, '2'),
('1011', 0, '2'),
('1012', 0, '2'),
('1013', 0, '2'),
('1014', 0, '2'),
('1015', 0, '2'),
('1016', 0, '2'),
('1017', 0, '2'),
('1018', 0, '2'),
('1019', 0, '2'),
('102', 0, '1'),
('1020', 0, '2'),
('1021', 0, '2'),
('1022', 0, '2'),
('1023', 0, '2'),
('1024', 0, '2'),
('1025', 0, '2'),
('1026', 0, '2'),
('1027', 0, '2'),
('1028', 0, '2'),
('1029', 0, '2'),
('103', 0, '1'),
('1030', 0, '2'),
('1031', 0, '2'),
('1032', 0, '2'),
('1033', 0, '2'),
('1034', 0, '2'),
('1035', 0, '2'),
('1036', 0, '2'),
('1037', 0, '2'),
('1038', 0, '2'),
('1039', 0, '2'),
('104', 0, '1'),
('1040', 0, '2'),
('1041', 0, '2'),
('1042', 0, '2'),
('1043', 0, '2'),
('1044', 0, '2'),
('1045', 0, '2'),
('1046', 0, '2'),
('1047', 0, '2'),
('1048', 0, '2'),
('1049', 0, '2'),
('105', 0, '1'),
('1050', 0, '2'),
('1051', 0, '2'),
('1052', 0, '2'),
('1053', 0, '2'),
('1054', 0, '2'),
('1055', 0, '2'),
('1056', 0, '2'),
('1057', 0, '2'),
('1058', 0, '2'),
('1059', 0, '2'),
('106', 0, '1'),
('1060', 0, '2'),
('1061', 0, '2'),
('1062', 0, '2'),
('1063', 0, '2'),
('1064', 0, '2'),
('1065', 0, '2'),
('1066', 0, '2'),
('1067', 0, '2'),
('1068', 0, '2'),
('1069', 0, '2'),
('107', 0, '1'),
('1070', 0, '2'),
('1071', 0, '2'),
('1072', 0, '2'),
('1073', 0, '2'),
('1074', 0, '2'),
('1075', 0, '2'),
('1076', 0, '2'),
('1077', 0, '2'),
('1078', 0, '2'),
('1079', 0, '2'),
('108', 0, '1'),
('1080', 0, '2'),
('1081', 0, '2'),
('1082', 0, '2'),
('1083', 0, '2'),
('1084', 0, '2'),
('1085', 0, '2'),
('1086', 0, '2'),
('1087', 0, '2'),
('1088', 0, '2'),
('1089', 0, '2'),
('109', 0, '1'),
('1090', 0, '2'),
('1091', 0, '2'),
('1092', 0, '2'),
('1093', 0, '2'),
('1094', 0, '2'),
('1095', 0, '2'),
('1096', 0, '2'),
('1097', 0, '2'),
('1098', 0, '2'),
('1099', 0, '2'),
('11', 0, '1'),
('110', 0, '1'),
('1100', 0, '2'),
('1101', 0, '2'),
('1102', 0, '2'),
('1103', 0, '2'),
('1104', 0, '2'),
('1105', 0, '2'),
('1106', 0, '2'),
('1107', 0, '2'),
('1108', 0, '2'),
('1109', 0, '2'),
('111', 0, '1'),
('1110', 0, '2'),
('1111', 0, '2'),
('1112', 0, '2'),
('1113', 0, '2'),
('1114', 0, '2'),
('1115', 0, '2'),
('1116', 0, '2'),
('1117', 0, '2'),
('1118', 0, '2'),
('1119', 0, '2'),
('112', 0, '1'),
('1120', 0, '2'),
('1121', 0, '2'),
('1122', 0, '2'),
('1123', 0, '2'),
('1124', 0, '2'),
('1125', 0, '2'),
('1126', 0, '2'),
('1127', 0, '2'),
('1128', 0, '2'),
('1129', 0, '2'),
('113', 0, '1'),
('1130', 0, '2'),
('1131', 0, '2'),
('1132', 0, '2'),
('1133', 0, '2'),
('1134', 0, '2'),
('1135', 0, '2'),
('1136', 0, '2'),
('1137', 0, '2'),
('1138', 0, '2'),
('1139', 0, '2'),
('114', 0, '1'),
('1140', 0, '2'),
('1141', 0, '2'),
('1142', 0, '2'),
('1143', 0, '2'),
('1144', 0, '2'),
('1145', 0, '2'),
('1146', 0, '2'),
('1147', 0, '2'),
('1148', 0, '2'),
('1149', 0, '2'),
('115', 0, '1'),
('1150', 0, '2'),
('1151', 0, '2'),
('1152', 0, '2'),
('1153', 0, '2'),
('1154', 0, '2'),
('1155', 0, '2'),
('1156', 0, '2'),
('1157', 0, '2'),
('1158', 0, '2'),
('1159', 0, '2'),
('116', 0, '1'),
('1160', 0, '2'),
('1161', 0, '2'),
('1162', 0, '2'),
('1163', 0, '2'),
('1164', 0, '2'),
('1165', 0, '2'),
('1166', 0, '2'),
('1167', 0, '2'),
('1168', 0, '2'),
('1169', 0, '2'),
('117', 0, '1'),
('1170', 0, '2'),
('1171', 0, '2'),
('1172', 0, '2'),
('1173', 0, '2'),
('1174', 0, '2'),
('1175', 0, '2'),
('1176', 0, '2'),
('1177', 0, '2'),
('1178', 0, '2'),
('1179', 0, '2'),
('118', 0, '1'),
('1180', 0, '2'),
('1181', 0, '2'),
('1182', 0, '2'),
('1183', 0, '2'),
('1184', 0, '2'),
('1185', 0, '2'),
('1186', 0, '2'),
('1187', 0, '2'),
('1188', 0, '2'),
('1189', 0, '2'),
('119', 0, '1'),
('1190', 0, '2'),
('1191', 0, '2'),
('1192', 0, '2'),
('1193', 0, '2'),
('1194', 0, '2'),
('1195', 0, '2'),
('1196', 0, '2'),
('1197', 0, '2'),
('1198', 0, '2'),
('1199', 0, '2'),
('12', 0, '1'),
('120', 0, '1'),
('1200', 0, '2'),
('1201', 0, '2'),
('1202', 0, '2'),
('1203', 0, '2'),
('1204', 0, '2'),
('1205', 0, '2'),
('1206', 0, '2'),
('1207', 0, '2'),
('1208', 0, '2'),
('1209', 0, '2'),
('121', 0, '1'),
('1210', 0, '2'),
('1211', 0, '2'),
('1212', 0, '2'),
('1213', 1, '2'),
('1214', 1, '2'),
('1215', 1, '2'),
('1216', 1, '2'),
('1217', 1, '2'),
('1218', 1, '2'),
('1219', 1, '2'),
('122', 0, '1'),
('1220', 1, '2'),
('1221', 1, '2'),
('1222', 1, '2'),
('1223', 0, '3'),
('1224', 0, '3'),
('1225', 0, '3'),
('1226', 0, '3'),
('1227', 0, '3'),
('1228', 0, '3'),
('1229', 0, '3'),
('123', 0, '1'),
('1230', 0, '3'),
('1231', 0, '3'),
('1232', 0, '3'),
('1233', 0, '3'),
('1234', 0, '3'),
('1235', 0, '3'),
('1236', 0, '3'),
('1237', 0, '3'),
('1238', 0, '3'),
('1239', 0, '3'),
('124', 0, '1'),
('1240', 0, '3'),
('1241', 0, '3'),
('1242', 0, '3'),
('1243', 0, '3'),
('1244', 0, '3'),
('1245', 0, '3'),
('1246', 0, '3'),
('1247', 0, '3'),
('1248', 0, '3'),
('1249', 0, '3'),
('125', 0, '1'),
('1250', 0, '3'),
('1251', 0, '3'),
('1252', 0, '3'),
('1253', 0, '3'),
('1254', 0, '3'),
('1255', 0, '3'),
('1256', 0, '3'),
('1257', 0, '3'),
('1258', 0, '3'),
('1259', 0, '3'),
('126', 0, '1'),
('1260', 0, '3'),
('1261', 0, '3'),
('1262', 0, '3'),
('1263', 0, '3'),
('1264', 0, '3'),
('1265', 0, '3'),
('1266', 0, '3'),
('1267', 0, '3'),
('1268', 0, '3'),
('1269', 0, '3'),
('127', 0, '1'),
('1270', 0, '3'),
('1271', 0, '3'),
('1272', 0, '3'),
('1273', 0, '3'),
('1274', 0, '3'),
('1275', 0, '3'),
('1276', 0, '3'),
('1277', 0, '3'),
('1278', 0, '3'),
('1279', 0, '3'),
('128', 0, '1'),
('1280', 0, '3'),
('1281', 0, '3'),
('1282', 0, '3'),
('1283', 0, '3'),
('1284', 0, '3'),
('1285', 0, '3'),
('1286', 0, '3'),
('1287', 0, '3'),
('1288', 0, '3'),
('1289', 0, '3'),
('129', 0, '1'),
('1290', 0, '3'),
('1291', 0, '3'),
('1292', 0, '3'),
('1293', 0, '3'),
('1294', 0, '3'),
('1295', 0, '3'),
('1296', 0, '3'),
('1297', 0, '3'),
('1298', 0, '3'),
('1299', 0, '3'),
('13', 0, '1'),
('130', 0, '1'),
('1300', 0, '3'),
('1301', 0, '3'),
('1302', 0, '3'),
('1303', 0, '3'),
('1304', 0, '3'),
('1305', 0, '3'),
('1306', 0, '3'),
('1307', 0, '3'),
('1308', 0, '3'),
('1309', 0, '3'),
('131', 0, '1'),
('1310', 0, '3'),
('1311', 0, '3'),
('1312', 0, '3'),
('1313', 0, '3'),
('1314', 0, '3'),
('1315', 0, '3'),
('1316', 0, '3'),
('1317', 0, '3'),
('1318', 0, '3'),
('1319', 0, '3'),
('132', 0, '1'),
('1320', 0, '3'),
('1321', 0, '3'),
('1322', 0, '3'),
('1323', 0, '3'),
('1324', 0, '3'),
('1325', 0, '3'),
('1326', 0, '3'),
('1327', 0, '3'),
('1328', 0, '3'),
('1329', 0, '3'),
('133', 0, '1'),
('1330', 0, '3'),
('1331', 0, '3'),
('1332', 0, '3'),
('1333', 0, '3'),
('1334', 0, '3'),
('1335', 0, '3'),
('1336', 0, '3'),
('1337', 0, '3'),
('1338', 0, '3'),
('1339', 0, '3'),
('134', 0, '1'),
('1340', 0, '3'),
('1341', 0, '3'),
('1342', 0, '3'),
('1343', 0, '3'),
('1344', 0, '3'),
('1345', 0, '3'),
('1346', 0, '3'),
('1347', 0, '3'),
('1348', 0, '3'),
('1349', 0, '3'),
('135', 0, '1'),
('1350', 0, '3'),
('1351', 0, '3'),
('1352', 0, '3'),
('1353', 0, '3'),
('1354', 0, '3'),
('1355', 0, '3'),
('1356', 0, '3'),
('1357', 0, '3'),
('1358', 0, '3'),
('1359', 0, '3'),
('136', 0, '1'),
('1360', 0, '3'),
('1361', 0, '3'),
('1362', 0, '3'),
('1363', 0, '3'),
('1364', 0, '3'),
('1365', 0, '3'),
('1366', 0, '3'),
('1367', 0, '3'),
('1368', 0, '3'),
('1369', 0, '3'),
('137', 0, '1'),
('1370', 0, '3'),
('1371', 0, '3'),
('1372', 0, '3'),
('1373', 0, '3'),
('1374', 0, '3'),
('1375', 0, '3'),
('1376', 0, '3'),
('1377', 0, '3'),
('1378', 0, '3'),
('1379', 0, '3'),
('138', 0, '1'),
('1380', 0, '3'),
('1381', 0, '3'),
('1382', 0, '3'),
('1383', 0, '3'),
('1384', 0, '3'),
('1385', 0, '3'),
('1386', 0, '3'),
('1387', 0, '3'),
('1388', 0, '3'),
('1389', 0, '3'),
('139', 0, '1'),
('1390', 0, '3'),
('1391', 0, '3'),
('1392', 0, '3'),
('1393', 0, '3'),
('1394', 0, '3'),
('1395', 0, '3'),
('1396', 0, '3'),
('1397', 0, '3'),
('1398', 0, '3'),
('1399', 0, '3'),
('14', 0, '1'),
('140', 0, '1'),
('1400', 0, '3'),
('1401', 0, '3'),
('1402', 0, '3'),
('1403', 0, '3'),
('1404', 0, '3'),
('1405', 0, '3'),
('1406', 0, '3'),
('1407', 0, '3'),
('1408', 0, '3'),
('1409', 0, '3'),
('141', 0, '1'),
('1410', 0, '3'),
('1411', 0, '3'),
('1412', 0, '3'),
('1413', 0, '3'),
('1414', 0, '3'),
('1415', 0, '3'),
('1416', 0, '3'),
('1417', 0, '3'),
('1418', 0, '3'),
('1419', 0, '3'),
('142', 0, '1'),
('1420', 0, '3'),
('1421', 0, '3'),
('1422', 0, '3'),
('1423', 0, '3'),
('1424', 0, '3'),
('1425', 0, '3'),
('1426', 1, '3'),
('1427', 1, '3'),
('1428', 1, '3'),
('1429', 1, '3'),
('143', 0, '1'),
('1430', 1, '3'),
('1431', 0, '4'),
('1432', 0, '4'),
('1433', 0, '4'),
('1434', 0, '4'),
('1435', 0, '4'),
('1436', 0, '4'),
('1437', 0, '4'),
('1438', 0, '4'),
('1439', 0, '4'),
('144', 0, '1'),
('1440', 0, '4'),
('1441', 0, '4'),
('1442', 0, '4'),
('1443', 0, '4'),
('1444', 0, '4'),
('1445', 0, '4'),
('1446', 0, '4'),
('1447', 0, '4'),
('1448', 0, '4'),
('1449', 0, '4'),
('145', 0, '1'),
('1450', 0, '4'),
('1451', 0, '4'),
('1452', 0, '4'),
('1453', 0, '4'),
('1454', 0, '4'),
('1455', 0, '4'),
('1456', 0, '4'),
('1457', 0, '4'),
('1458', 0, '4'),
('1459', 0, '4'),
('146', 0, '1'),
('1460', 0, '4'),
('1461', 0, '4'),
('1462', 0, '4'),
('1463', 0, '4'),
('1464', 0, '4'),
('1465', 0, '4'),
('1466', 0, '4'),
('1467', 0, '4'),
('1468', 0, '4'),
('1469', 0, '4'),
('147', 0, '1'),
('1470', 0, '4'),
('1471', 0, '4'),
('1472', 0, '4'),
('1473', 0, '4'),
('1474', 0, '4'),
('1475', 0, '4'),
('1476', 0, '4'),
('1477', 0, '4'),
('1478', 0, '4'),
('1479', 0, '4'),
('148', 0, '1'),
('1480', 0, '4'),
('1481', 0, '4'),
('1482', 0, '4'),
('1483', 0, '4'),
('1484', 0, '4'),
('1485', 0, '4'),
('1486', 0, '4'),
('1487', 0, '4'),
('1488', 0, '4'),
('1489', 0, '4'),
('149', 0, '1'),
('1490', 0, '4'),
('1491', 0, '4'),
('1492', 0, '4'),
('1493', 0, '4'),
('1494', 0, '4'),
('1495', 0, '4'),
('1496', 0, '4'),
('1497', 0, '4'),
('1498', 0, '4'),
('1499', 0, '4'),
('15', 0, '1'),
('150', 0, '1'),
('1500', 0, '4'),
('1501', 0, '4'),
('1502', 0, '4'),
('1503', 0, '4'),
('1504', 0, '4'),
('1505', 0, '4'),
('1506', 0, '4'),
('1507', 0, '4'),
('1508', 0, '4'),
('1509', 0, '4'),
('151', 0, '1'),
('1510', 0, '4'),
('1511', 0, '4'),
('1512', 0, '4'),
('1513', 0, '4'),
('1514', 0, '4'),
('1515', 0, '4'),
('1516', 0, '4'),
('1517', 0, '4'),
('1518', 0, '4'),
('1519', 0, '4'),
('152', 0, '1'),
('1520', 0, '4'),
('1521', 0, '4'),
('1522', 0, '4'),
('1523', 0, '4'),
('1524', 0, '4'),
('1525', 0, '4'),
('1526', 0, '4'),
('1527', 0, '4'),
('1528', 0, '4'),
('1529', 0, '4'),
('153', 0, '1'),
('1530', 0, '4'),
('1531', 0, '4'),
('1532', 0, '4'),
('1533', 0, '4'),
('1534', 0, '4'),
('1535', 0, '4'),
('1536', 0, '4'),
('1537', 0, '4'),
('1538', 0, '4'),
('1539', 0, '4'),
('154', 0, '1'),
('1540', 0, '4'),
('1541', 0, '4'),
('1542', 0, '4'),
('1543', 0, '4'),
('1544', 0, '4'),
('1545', 0, '4'),
('1546', 0, '4'),
('1547', 0, '4'),
('1548', 0, '4'),
('1549', 0, '4'),
('155', 0, '1'),
('1550', 0, '4'),
('1551', 0, '4'),
('1552', 0, '4'),
('1553', 0, '4'),
('1554', 0, '4'),
('1555', 0, '4'),
('1556', 0, '4'),
('1557', 0, '4'),
('1558', 0, '4'),
('1559', 0, '4'),
('156', 0, '1'),
('1560', 0, '4'),
('1561', 0, '4'),
('1562', 0, '4'),
('1563', 0, '4'),
('1564', 0, '4'),
('1565', 0, '4'),
('1566', 0, '4'),
('1567', 0, '4'),
('1568', 0, '4'),
('1569', 0, '4'),
('157', 0, '1'),
('1570', 0, '4'),
('1571', 0, '4'),
('1572', 0, '4'),
('1573', 0, '4'),
('1574', 0, '4'),
('1575', 0, '4'),
('1576', 0, '4'),
('1577', 0, '4'),
('1578', 0, '4'),
('1579', 0, '4'),
('158', 0, '1'),
('1580', 0, '4'),
('1581', 0, '4'),
('1582', 0, '4'),
('1583', 0, '4'),
('1584', 0, '4'),
('1585', 0, '4'),
('1586', 0, '4'),
('1587', 0, '4'),
('1588', 0, '4'),
('1589', 0, '4'),
('159', 0, '1'),
('1590', 0, '4'),
('1591', 0, '4'),
('1592', 0, '4'),
('1593', 0, '4'),
('1594', 0, '4'),
('1595', 0, '4'),
('1596', 0, '4'),
('1597', 0, '4'),
('1598', 0, '4'),
('1599', 0, '4'),
('16', 0, '1'),
('160', 0, '1'),
('1600', 0, '4'),
('1601', 0, '4'),
('1602', 0, '4'),
('1603', 0, '4'),
('1604', 0, '4'),
('1605', 0, '4'),
('1606', 0, '4'),
('1607', 0, '4'),
('1608', 0, '4'),
('1609', 0, '4'),
('161', 0, '1'),
('1610', 0, '4'),
('1611', 0, '4'),
('1612', 0, '4'),
('1613', 0, '4'),
('1614', 0, '4'),
('1615', 0, '4'),
('1616', 0, '4'),
('1617', 0, '4'),
('1618', 0, '4'),
('1619', 0, '4'),
('162', 0, '1'),
('1620', 0, '4'),
('1621', 0, '4'),
('1622', 0, '4'),
('1623', 0, '4'),
('1624', 0, '4'),
('1625', 0, '4'),
('1626', 0, '4'),
('1627', 0, '4'),
('1628', 0, '4'),
('1629', 0, '4'),
('163', 0, '1'),
('1630', 0, '4'),
('1631', 0, '4'),
('1632', 0, '4'),
('1633', 0, '4'),
('1634', 0, '4'),
('1635', 0, '4'),
('1636', 0, '4'),
('1637', 0, '4'),
('1638', 0, '4'),
('1639', 0, '4'),
('164', 0, '1'),
('1640', 0, '4'),
('1641', 0, '4'),
('1642', 0, '4'),
('1643', 0, '4'),
('1644', 0, '4'),
('1645', 0, '4'),
('1646', 0, '4'),
('1647', 0, '4'),
('1648', 0, '4'),
('1649', 0, '4'),
('165', 0, '1'),
('1650', 0, '4'),
('1651', 0, '4'),
('1652', 0, '4'),
('1653', 0, '4'),
('1654', 0, '4'),
('1655', 0, '4'),
('1656', 0, '4'),
('1657', 0, '4'),
('1658', 0, '4'),
('1659', 0, '4'),
('166', 0, '1'),
('1660', 0, '4'),
('1661', 0, '4'),
('1662', 0, '4'),
('1663', 0, '4'),
('1664', 0, '4'),
('1665', 0, '4'),
('1666', 0, '4'),
('1667', 0, '4'),
('1668', 0, '4'),
('1669', 0, '4'),
('167', 0, '1'),
('1670', 0, '4'),
('1671', 0, '4'),
('1672', 0, '4'),
('1673', 0, '4'),
('1674', 0, '4'),
('1675', 0, '4'),
('1676', 0, '4'),
('1677', 0, '4'),
('1678', 0, '4'),
('1679', 0, '4'),
('168', 0, '1'),
('1680', 0, '4'),
('1681', 0, '4'),
('1682', 0, '4'),
('1683', 0, '4'),
('1684', 0, '4'),
('1685', 0, '4'),
('1686', 0, '4'),
('1687', 0, '4'),
('1688', 0, '4'),
('1689', 0, '4'),
('169', 0, '1'),
('1690', 0, '4'),
('1691', 0, '4'),
('1692', 0, '4'),
('1693', 0, '4'),
('1694', 0, '4'),
('1695', 0, '4'),
('1696', 0, '4'),
('1697', 0, '4'),
('1698', 0, '4'),
('1699', 0, '4'),
('17', 0, '1'),
('170', 0, '1'),
('1700', 0, '4'),
('1701', 0, '4'),
('1702', 0, '4'),
('1703', 0, '4'),
('1704', 0, '4'),
('1705', 0, '4'),
('1706', 0, '4'),
('1707', 0, '4'),
('1708', 0, '4'),
('1709', 0, '4'),
('171', 0, '1'),
('1710', 0, '4'),
('1711', 0, '4'),
('1712', 0, '4'),
('1713', 0, '4'),
('1714', 0, '4'),
('1715', 0, '4'),
('1716', 0, '4'),
('1717', 0, '4'),
('1718', 0, '4'),
('1719', 0, '4'),
('172', 0, '1'),
('1720', 0, '4'),
('1721', 0, '4'),
('1722', 0, '4'),
('1723', 0, '4'),
('1724', 0, '4'),
('1725', 0, '4'),
('1726', 0, '4'),
('1727', 0, '4'),
('1728', 0, '4'),
('1729', 0, '4'),
('173', 0, '1'),
('1730', 0, '4'),
('1731', 0, '4'),
('1732', 0, '4'),
('1733', 0, '4'),
('1734', 0, '4'),
('1735', 0, '4'),
('1736', 0, '4'),
('1737', 0, '4'),
('1738', 0, '4'),
('1739', 0, '4'),
('174', 0, '1'),
('1740', 0, '4'),
('1741', 0, '4'),
('1742', 0, '4'),
('1743', 0, '4'),
('1744', 0, '4'),
('1745', 0, '4'),
('1746', 0, '4'),
('1747', 0, '4'),
('1748', 0, '4'),
('1749', 0, '4'),
('175', 0, '1'),
('1750', 0, '4'),
('1751', 0, '4'),
('1752', 0, '4'),
('1753', 0, '4'),
('1754', 0, '4'),
('1755', 0, '4'),
('1756', 0, '4'),
('1757', 0, '4'),
('1758', 0, '4'),
('1759', 0, '4'),
('176', 0, '1'),
('1760', 0, '4'),
('1761', 0, '4'),
('1762', 0, '4'),
('1763', 0, '4'),
('1764', 0, '4'),
('1765', 0, '4'),
('1766', 0, '4'),
('1767', 0, '4'),
('1768', 0, '4'),
('1769', 0, '4'),
('177', 0, '1'),
('1770', 0, '4'),
('1771', 0, '4'),
('1772', 0, '4'),
('1773', 0, '4'),
('1774', 0, '4'),
('1775', 0, '4'),
('1776', 0, '4'),
('1777', 0, '4'),
('1778', 0, '4'),
('1779', 0, '4'),
('178', 0, '1'),
('1780', 0, '4'),
('1781', 0, '4'),
('1782', 0, '4'),
('1783', 0, '4'),
('1784', 0, '4'),
('1785', 0, '4'),
('1786', 0, '4'),
('1787', 0, '4'),
('1788', 0, '4'),
('1789', 0, '4'),
('179', 0, '1'),
('1790', 0, '4'),
('1791', 0, '4'),
('1792', 0, '4'),
('1793', 0, '4'),
('1794', 0, '4'),
('1795', 0, '4'),
('1796', 0, '4'),
('1797', 0, '4'),
('1798', 0, '4'),
('1799', 0, '4'),
('18', 0, '1'),
('180', 0, '1'),
('1800', 0, '4'),
('1801', 0, '4'),
('1802', 0, '4'),
('1803', 0, '4'),
('1804', 0, '4'),
('1805', 0, '4'),
('1806', 0, '4'),
('1807', 0, '4'),
('1808', 0, '4'),
('1809', 0, '4'),
('181', 0, '1'),
('1810', 0, '4'),
('1811', 0, '4'),
('1812', 0, '4'),
('1813', 0, '4'),
('1814', 0, '4'),
('1815', 0, '4'),
('1816', 0, '4'),
('1817', 0, '4'),
('1818', 0, '4'),
('1819', 0, '4'),
('182', 0, '1'),
('1820', 0, '4'),
('1821', 0, '4'),
('1822', 0, '4'),
('1823', 0, '4'),
('1824', 0, '4'),
('1825', 0, '4'),
('1826', 0, '4'),
('1827', 0, '4'),
('1828', 0, '4'),
('1829', 0, '4'),
('183', 0, '1'),
('1830', 0, '4'),
('1831', 0, '4'),
('1832', 0, '4'),
('1833', 0, '4'),
('1834', 0, '4'),
('1835', 0, '4'),
('1836', 0, '4'),
('1837', 0, '4'),
('1838', 0, '4'),
('1839', 0, '4'),
('184', 0, '1'),
('1840', 0, '4'),
('1841', 0, '4'),
('1842', 0, '4'),
('1843', 0, '4'),
('1844', 0, '4'),
('1845', 0, '4'),
('1846', 0, '4'),
('1847', 0, '4'),
('1848', 0, '4'),
('1849', 0, '4'),
('185', 0, '1'),
('1850', 0, '4'),
('1851', 0, '4'),
('1852', 0, '4'),
('1853', 0, '4'),
('1854', 0, '4'),
('1855', 0, '4'),
('1856', 0, '4'),
('1857', 0, '4'),
('1858', 0, '4'),
('1859', 0, '4'),
('186', 0, '1'),
('1860', 0, '4'),
('1861', 0, '4'),
('1862', 0, '4'),
('1863', 0, '4'),
('1864', 0, '4'),
('1865', 0, '4'),
('1866', 0, '4'),
('1867', 0, '4'),
('1868', 0, '4'),
('1869', 0, '4'),
('187', 0, '1'),
('1870', 0, '4'),
('1871', 0, '4'),
('1872', 0, '4'),
('1873', 0, '4'),
('1874', 0, '4'),
('1875', 0, '4'),
('1876', 0, '4'),
('1877', 0, '4'),
('1878', 0, '4'),
('1879', 0, '4'),
('188', 0, '1'),
('1880', 0, '4'),
('1881', 0, '4'),
('1882', 0, '4'),
('1883', 0, '4'),
('1884', 0, '4'),
('1885', 0, '4'),
('1886', 0, '4'),
('1887', 0, '4'),
('1888', 0, '4'),
('1889', 0, '4'),
('189', 0, '1'),
('1890', 0, '4'),
('1891', 0, '4'),
('1892', 0, '4'),
('1893', 0, '4'),
('1894', 0, '4'),
('1895', 0, '4'),
('1896', 0, '4'),
('1897', 0, '4'),
('1898', 0, '4'),
('1899', 0, '4'),
('19', 0, '1'),
('190', 0, '1'),
('1900', 0, '4'),
('1901', 0, '4'),
('1902', 0, '4'),
('1903', 1, '4'),
('1904', 1, '4'),
('1905', 1, '4'),
('1906', 1, '4'),
('1907', 1, '4'),
('1908', 1, '4'),
('1909', 1, '4'),
('191', 0, '1'),
('1910', 1, '4'),
('1911', 1, '4'),
('1912', 1, '4'),
('1913', 0, '5'),
('1914', 0, '5'),
('1915', 0, '5'),
('1916', 0, '5'),
('1917', 0, '5'),
('1918', 0, '5'),
('1919', 0, '5'),
('192', 0, '1'),
('1920', 0, '5'),
('1921', 0, '5'),
('1922', 0, '5'),
('1923', 0, '5'),
('1924', 0, '5'),
('1925', 0, '5'),
('1926', 0, '5'),
('1927', 0, '5'),
('1928', 0, '5'),
('1929', 0, '5'),
('193', 0, '1'),
('1930', 0, '5'),
('1931', 0, '5'),
('1932', 0, '5'),
('1933', 0, '5'),
('1934', 0, '5'),
('1935', 0, '5'),
('1936', 0, '5'),
('1937', 0, '5'),
('1938', 0, '5'),
('1939', 0, '5'),
('194', 0, '1'),
('1940', 0, '5'),
('1941', 0, '5'),
('1942', 0, '5'),
('1943', 0, '5'),
('1944', 0, '5'),
('1945', 0, '5'),
('1946', 0, '5'),
('1947', 0, '5'),
('1948', 0, '5'),
('1949', 0, '5'),
('195', 0, '1'),
('1950', 0, '5'),
('1951', 0, '5'),
('1952', 0, '5'),
('1953', 0, '5'),
('1954', 0, '5'),
('1955', 0, '5'),
('1956', 0, '5'),
('1957', 0, '5'),
('1958', 0, '5'),
('1959', 0, '5'),
('196', 0, '1'),
('1960', 0, '5'),
('1961', 0, '5'),
('1962', 0, '5'),
('1963', 0, '5'),
('1964', 0, '5'),
('1965', 0, '5'),
('1966', 0, '5'),
('1967', 0, '5'),
('1968', 0, '5'),
('1969', 0, '5'),
('197', 0, '1'),
('1970', 0, '5'),
('1971', 0, '5'),
('1972', 0, '5'),
('1973', 0, '5'),
('1974', 0, '5'),
('1975', 0, '5'),
('1976', 0, '5'),
('1977', 0, '5'),
('1978', 0, '5'),
('1979', 0, '5'),
('198', 0, '1'),
('1980', 0, '5'),
('1981', 0, '5'),
('1982', 0, '5'),
('1983', 0, '5'),
('1984', 0, '5'),
('1985', 0, '5'),
('1986', 0, '5'),
('1987', 0, '5'),
('1988', 0, '5'),
('1989', 0, '5'),
('199', 0, '1'),
('1990', 0, '5'),
('1991', 0, '5'),
('1992', 0, '5'),
('1993', 0, '5'),
('1994', 0, '5'),
('1995', 0, '5'),
('1996', 0, '5'),
('1997', 0, '5'),
('1998', 0, '5'),
('1999', 0, '5'),
('2', 0, '1'),
('20', 0, '1'),
('200', 0, '1'),
('2000', 0, '5'),
('2001', 0, '5'),
('2002', 0, '5'),
('2003', 0, '5'),
('2004', 0, '5'),
('2005', 0, '5'),
('2006', 0, '5'),
('2007', 0, '5'),
('2008', 0, '5'),
('2009', 0, '5'),
('201', 0, '1'),
('2010', 0, '5'),
('2011', 0, '5'),
('2012', 0, '5'),
('2013', 0, '5'),
('2014', 0, '5'),
('2015', 0, '5'),
('2016', 0, '5'),
('2017', 0, '5'),
('2018', 0, '5'),
('2019', 0, '5'),
('202', 0, '1'),
('2020', 0, '5'),
('2021', 0, '5'),
('2022', 0, '5'),
('2023', 0, '5'),
('2024', 0, '5'),
('2025', 0, '5'),
('2026', 0, '5'),
('2027', 0, '5'),
('2028', 0, '5'),
('2029', 0, '5'),
('203', 0, '1'),
('2030', 0, '5'),
('2031', 0, '5'),
('2032', 0, '5'),
('2033', 0, '5'),
('2034', 0, '5'),
('2035', 0, '5'),
('2036', 0, '5'),
('2037', 0, '5'),
('2038', 0, '5'),
('2039', 0, '5'),
('204', 0, '1'),
('2040', 0, '5'),
('2041', 0, '5'),
('2042', 0, '5'),
('2043', 0, '5'),
('2044', 0, '5'),
('2045', 0, '5'),
('2046', 0, '5'),
('2047', 0, '5'),
('2048', 0, '5'),
('2049', 0, '5'),
('205', 0, '1'),
('2050', 0, '5'),
('2051', 0, '5'),
('2052', 0, '5'),
('2053', 0, '5'),
('2054', 0, '5'),
('2055', 0, '5'),
('2056', 0, '5'),
('2057', 0, '5'),
('2058', 0, '5'),
('2059', 0, '5'),
('206', 0, '1'),
('2060', 0, '5'),
('2061', 0, '5'),
('2062', 0, '5'),
('2063', 0, '5'),
('2064', 0, '5'),
('2065', 0, '5'),
('2066', 0, '5'),
('2067', 0, '5'),
('2068', 0, '5'),
('2069', 0, '5'),
('207', 0, '1'),
('2070', 0, '5'),
('2071', 0, '5'),
('2072', 0, '5'),
('2073', 0, '5'),
('2074', 0, '5'),
('2075', 0, '5'),
('2076', 0, '5'),
('2077', 0, '5'),
('2078', 0, '5'),
('2079', 0, '5'),
('208', 0, '1'),
('2080', 0, '5'),
('2081', 0, '5'),
('2082', 0, '5'),
('2083', 0, '5'),
('2084', 0, '5'),
('2085', 0, '5'),
('2086', 0, '5'),
('2087', 0, '5'),
('2088', 0, '5'),
('2089', 0, '5'),
('209', 0, '1'),
('2090', 0, '5'),
('2091', 0, '5'),
('2092', 0, '5'),
('2093', 0, '5'),
('2094', 0, '5'),
('2095', 0, '5'),
('2096', 0, '5'),
('2097', 0, '5'),
('2098', 0, '5'),
('2099', 0, '5'),
('21', 0, '1'),
('210', 0, '1'),
('2100', 0, '5'),
('2101', 0, '5'),
('2102', 0, '5'),
('2103', 0, '5'),
('2104', 0, '5'),
('2105', 0, '5'),
('2106', 0, '5'),
('2107', 0, '5'),
('2108', 0, '5'),
('2109', 0, '5'),
('211', 0, '1'),
('2110', 0, '5'),
('2111', 0, '5'),
('2112', 0, '5'),
('2113', 0, '5'),
('2114', 0, '5'),
('2115', 0, '5'),
('2116', 0, '5'),
('2117', 0, '5'),
('2118', 0, '5'),
('2119', 0, '5'),
('212', 0, '1'),
('2120', 0, '5'),
('2121', 0, '5'),
('2122', 0, '5'),
('2123', 0, '5'),
('2124', 0, '5'),
('2125', 0, '5'),
('2126', 0, '5'),
('2127', 0, '5'),
('2128', 0, '5'),
('2129', 0, '5'),
('213', 0, '1'),
('2130', 0, '5'),
('2131', 0, '5'),
('2132', 0, '5'),
('2133', 0, '5'),
('2134', 0, '5'),
('2135', 0, '5'),
('2136', 0, '5'),
('2137', 0, '5'),
('2138', 0, '5'),
('2139', 0, '5'),
('214', 0, '1'),
('2140', 0, '5'),
('2141', 0, '5'),
('2142', 0, '5'),
('2143', 0, '5'),
('2144', 0, '5'),
('2145', 0, '5'),
('2146', 0, '5'),
('2147', 0, '5'),
('2148', 0, '5'),
('2149', 0, '5'),
('215', 0, '1'),
('2150', 0, '5'),
('2151', 0, '5'),
('2152', 0, '5'),
('2153', 0, '5'),
('2154', 0, '5'),
('2155', 0, '5'),
('2156', 0, '5'),
('2157', 0, '5'),
('2158', 0, '5'),
('2159', 0, '5'),
('216', 0, '1'),
('2160', 0, '5'),
('2161', 0, '5'),
('2162', 0, '5'),
('2163', 0, '5'),
('2164', 0, '5'),
('2165', 0, '5'),
('2166', 0, '5'),
('2167', 0, '5'),
('2168', 0, '5'),
('2169', 0, '5'),
('217', 0, '1'),
('2170', 0, '5'),
('2171', 0, '5'),
('2172', 0, '5'),
('2173', 0, '5'),
('2174', 0, '5'),
('2175', 0, '5'),
('2176', 0, '5'),
('2177', 0, '5'),
('2178', 0, '5'),
('2179', 0, '5'),
('218', 0, '1'),
('2180', 0, '5'),
('2181', 0, '5'),
('2182', 0, '5'),
('2183', 0, '5'),
('2184', 0, '5'),
('2185', 0, '5'),
('2186', 0, '5'),
('2187', 0, '5'),
('2188', 0, '5'),
('2189', 0, '5'),
('219', 0, '1'),
('2190', 0, '5'),
('2191', 0, '5'),
('2192', 0, '5'),
('2193', 0, '5'),
('2194', 0, '5'),
('2195', 0, '5'),
('2196', 0, '5'),
('2197', 0, '5'),
('2198', 0, '5'),
('2199', 0, '5'),
('22', 0, '1'),
('220', 0, '1'),
('2200', 0, '5'),
('2201', 0, '5'),
('2202', 0, '5'),
('2203', 0, '5'),
('2204', 0, '5'),
('2205', 0, '5'),
('2206', 0, '5'),
('2207', 0, '5'),
('2208', 0, '5'),
('2209', 0, '5'),
('221', 0, '1'),
('2210', 0, '5'),
('2211', 0, '5'),
('2212', 0, '5'),
('2213', 0, '5'),
('2214', 0, '5'),
('2215', 0, '5'),
('2216', 0, '5'),
('2217', 0, '5'),
('2218', 0, '5'),
('2219', 0, '5'),
('222', 0, '1'),
('2220', 0, '5'),
('2221', 0, '5'),
('2222', 0, '5'),
('2223', 0, '5'),
('2224', 0, '5'),
('2225', 0, '5'),
('2226', 0, '5'),
('2227', 0, '5'),
('2228', 0, '5'),
('2229', 0, '5'),
('223', 0, '1'),
('2230', 0, '5'),
('2231', 0, '5'),
('2232', 0, '5'),
('2233', 0, '5'),
('2234', 0, '5'),
('2235', 0, '5'),
('2236', 0, '5'),
('2237', 0, '5'),
('2238', 0, '5'),
('2239', 0, '5'),
('224', 0, '1'),
('2240', 0, '5'),
('2241', 0, '5'),
('2242', 0, '5'),
('2243', 0, '5'),
('2244', 0, '5'),
('2245', 0, '5'),
('2246', 0, '5'),
('2247', 0, '5'),
('2248', 0, '5'),
('2249', 0, '5'),
('225', 0, '1'),
('2250', 0, '5'),
('2251', 0, '5'),
('2252', 0, '5'),
('2253', 0, '5'),
('2254', 0, '5'),
('2255', 0, '5'),
('2256', 0, '5'),
('2257', 0, '5'),
('2258', 0, '5'),
('2259', 0, '5'),
('226', 0, '1'),
('2260', 0, '5'),
('2261', 0, '5'),
('2262', 0, '5'),
('2263', 0, '5'),
('2264', 0, '5'),
('2265', 0, '5'),
('2266', 0, '5'),
('2267', 0, '5'),
('2268', 0, '5'),
('2269', 0, '5'),
('227', 0, '1'),
('2270', 0, '5'),
('2271', 0, '5'),
('2272', 0, '5'),
('2273', 0, '5'),
('2274', 0, '5'),
('2275', 0, '5'),
('2276', 0, '5'),
('2277', 0, '5'),
('2278', 0, '5'),
('2279', 0, '5'),
('228', 0, '1'),
('2280', 0, '5'),
('2281', 0, '5'),
('2282', 0, '5'),
('2283', 0, '5'),
('2284', 0, '5'),
('2285', 0, '5'),
('2286', 0, '5'),
('2287', 0, '5'),
('2288', 0, '5'),
('2289', 0, '5'),
('229', 0, '1'),
('2290', 0, '5'),
('2291', 0, '5'),
('2292', 0, '5'),
('2293', 0, '5'),
('2294', 0, '5'),
('2295', 0, '5'),
('2296', 0, '5'),
('2297', 0, '5'),
('2298', 0, '5'),
('2299', 0, '5'),
('23', 0, '1'),
('230', 0, '1'),
('2300', 0, '5'),
('2301', 0, '5'),
('2302', 0, '5'),
('2303', 0, '5'),
('2304', 0, '5'),
('2305', 0, '5'),
('2306', 0, '5'),
('2307', 0, '5'),
('2308', 0, '5'),
('2309', 0, '5'),
('231', 0, '1'),
('2310', 0, '5'),
('2311', 0, '5'),
('2312', 0, '5'),
('2313', 0, '5'),
('2314', 0, '5'),
('2315', 0, '5'),
('2316', 0, '5'),
('2317', 0, '5'),
('2318', 0, '5'),
('2319', 0, '5'),
('232', 0, '1'),
('2320', 0, '5'),
('2321', 0, '5'),
('2322', 0, '5'),
('2323', 0, '5'),
('2324', 0, '5'),
('2325', 0, '5'),
('2326', 0, '5'),
('2327', 0, '5'),
('2328', 0, '5'),
('2329', 0, '5'),
('233', 0, '1'),
('2330', 0, '5'),
('2331', 0, '5'),
('2332', 0, '5'),
('2333', 0, '5'),
('2334', 0, '5'),
('2335', 0, '5'),
('2336', 0, '5'),
('2337', 0, '5'),
('2338', 0, '5'),
('2339', 0, '5'),
('234', 0, '1'),
('2340', 0, '5'),
('2341', 0, '5'),
('2342', 0, '5'),
('2343', 0, '5'),
('2344', 0, '5'),
('2345', 0, '5'),
('2346', 0, '5'),
('2347', 0, '5'),
('2348', 0, '5'),
('2349', 0, '5'),
('235', 0, '1'),
('2350', 0, '5'),
('2351', 0, '5'),
('2352', 0, '5'),
('2353', 0, '5'),
('2354', 0, '5'),
('2355', 0, '5'),
('2356', 0, '5'),
('2357', 0, '5'),
('2358', 0, '5'),
('2359', 0, '5'),
('236', 0, '1'),
('2360', 0, '5'),
('2361', 0, '5'),
('2362', 0, '5'),
('2363', 0, '5'),
('2364', 0, '5'),
('2365', 0, '5'),
('2366', 0, '5'),
('2367', 0, '5'),
('2368', 0, '5'),
('2369', 0, '5'),
('237', 0, '1'),
('2370', 0, '5'),
('2371', 0, '5'),
('2372', 0, '5'),
('2373', 0, '5'),
('2374', 0, '5'),
('2375', 0, '5'),
('2376', 0, '5'),
('2377', 0, '5'),
('2378', 0, '5'),
('2379', 0, '5'),
('238', 0, '1'),
('2380', 0, '5'),
('2381', 0, '5'),
('2382', 0, '5'),
('2383', 0, '5'),
('2384', 0, '5'),
('2385', 0, '5'),
('2386', 0, '5'),
('2387', 0, '5'),
('2388', 0, '5'),
('2389', 0, '5'),
('239', 0, '1'),
('2390', 0, '5'),
('2391', 0, '5'),
('2392', 0, '5'),
('2393', 0, '5'),
('2394', 0, '5'),
('2395', 0, '5'),
('2396', 0, '5'),
('2397', 0, '5'),
('2398', 0, '5'),
('2399', 0, '5'),
('24', 0, '1'),
('240', 0, '1'),
('2400', 0, '5'),
('2401', 0, '5'),
('2402', 0, '5'),
('2403', 0, '5'),
('2404', 0, '5'),
('2405', 0, '5'),
('2406', 0, '5'),
('2407', 0, '5'),
('2408', 0, '5'),
('2409', 0, '5'),
('241', 0, '1'),
('2410', 0, '5'),
('2411', 0, '5'),
('2412', 0, '5'),
('2413', 0, '5'),
('2414', 0, '5'),
('2415', 0, '5'),
('2416', 0, '5'),
('2417', 0, '5'),
('2418', 0, '5'),
('2419', 0, '5'),
('242', 0, '1'),
('2420', 0, '5'),
('2421', 0, '5'),
('2422', 0, '5'),
('2423', 0, '5'),
('2424', 0, '5'),
('2425', 0, '5'),
('2426', 0, '5'),
('2427', 0, '5'),
('2428', 0, '5'),
('2429', 0, '5'),
('243', 0, '1'),
('2430', 0, '5'),
('2431', 0, '5'),
('2432', 0, '5'),
('2433', 0, '5'),
('2434', 0, '5'),
('2435', 0, '5'),
('2436', 0, '5'),
('2437', 0, '5'),
('2438', 0, '5'),
('2439', 0, '5'),
('244', 0, '1'),
('2440', 0, '5'),
('2441', 0, '5'),
('2442', 0, '5'),
('2443', 0, '5'),
('2444', 0, '5'),
('2445', 0, '5'),
('2446', 0, '5'),
('2447', 0, '5'),
('2448', 0, '5'),
('2449', 0, '5'),
('245', 0, '1'),
('2450', 0, '5'),
('2451', 0, '5'),
('2452', 0, '5'),
('2453', 0, '5'),
('2454', 0, '5'),
('2455', 0, '5'),
('2456', 0, '5'),
('2457', 0, '5'),
('2458', 0, '5'),
('2459', 0, '5'),
('246', 0, '1'),
('2460', 0, '5'),
('2461', 0, '5'),
('2462', 0, '5'),
('2463', 0, '5'),
('2464', 0, '5'),
('2465', 0, '5'),
('2466', 0, '5'),
('2467', 0, '5'),
('2468', 0, '5'),
('2469', 0, '5'),
('247', 0, '1'),
('2470', 0, '5'),
('2471', 0, '5'),
('2472', 0, '5'),
('2473', 0, '5'),
('2474', 0, '5'),
('2475', 0, '5'),
('2476', 0, '5'),
('2477', 0, '5'),
('2478', 0, '5'),
('2479', 0, '5'),
('248', 0, '1'),
('2480', 0, '5'),
('2481', 0, '5'),
('2482', 0, '5'),
('2483', 0, '5'),
('2484', 0, '5'),
('2485', 0, '5'),
('2486', 0, '5'),
('2487', 0, '5'),
('2488', 0, '5'),
('2489', 0, '5'),
('249', 0, '1'),
('2490', 0, '5'),
('2491', 0, '5'),
('2492', 0, '5'),
('2493', 0, '5'),
('2494', 0, '5'),
('2495', 0, '5'),
('2496', 0, '5'),
('2497', 0, '5'),
('2498', 0, '5'),
('2499', 0, '5'),
('25', 0, '1'),
('250', 0, '1'),
('2500', 0, '5'),
('2501', 0, '5'),
('2502', 0, '5'),
('2503', 0, '5'),
('2504', 0, '5'),
('2505', 0, '5'),
('2506', 0, '5'),
('2507', 0, '5'),
('2508', 0, '5'),
('2509', 0, '5'),
('251', 0, '1'),
('2510', 0, '5'),
('2511', 0, '5'),
('2512', 0, '5'),
('2513', 0, '5'),
('2514', 0, '5'),
('2515', 0, '5'),
('2516', 0, '5'),
('2517', 0, '5'),
('2518', 0, '5'),
('2519', 0, '5'),
('252', 0, '1'),
('2520', 0, '5'),
('2521', 0, '5'),
('2522', 0, '5'),
('2523', 0, '5'),
('2524', 0, '5'),
('2525', 0, '5'),
('2526', 0, '5'),
('2527', 0, '5'),
('2528', 0, '5'),
('2529', 0, '5'),
('253', 0, '1'),
('2530', 0, '5'),
('2531', 0, '5'),
('2532', 0, '5'),
('2533', 0, '5'),
('2534', 0, '5'),
('2535', 0, '5'),
('2536', 0, '5'),
('2537', 0, '5'),
('2538', 0, '5'),
('2539', 0, '5'),
('254', 0, '1'),
('2540', 0, '5'),
('2541', 0, '5'),
('2542', 0, '5'),
('2543', 0, '5'),
('2544', 0, '5'),
('2545', 0, '5'),
('2546', 0, '5'),
('2547', 0, '5'),
('2548', 0, '5'),
('2549', 0, '5'),
('255', 0, '1'),
('2550', 0, '5'),
('2551', 0, '5'),
('2552', 0, '5'),
('2553', 0, '5'),
('2554', 0, '5'),
('2555', 0, '5'),
('2556', 0, '5'),
('2557', 0, '5'),
('2558', 0, '5'),
('2559', 0, '5'),
('256', 0, '1'),
('2560', 0, '5'),
('2561', 0, '5'),
('2562', 0, '5'),
('2563', 0, '5'),
('2564', 0, '5'),
('2565', 0, '5'),
('2566', 0, '5'),
('2567', 0, '5'),
('2568', 0, '5'),
('2569', 0, '5'),
('257', 0, '1'),
('2570', 0, '5'),
('2571', 0, '5'),
('2572', 0, '5'),
('2573', 0, '5'),
('2574', 0, '5'),
('2575', 0, '5'),
('2576', 0, '5'),
('2577', 0, '5'),
('2578', 0, '5'),
('2579', 0, '5'),
('258', 0, '1'),
('2580', 0, '5'),
('2581', 0, '5'),
('2582', 0, '5'),
('2583', 0, '5'),
('2584', 0, '5'),
('2585', 0, '5'),
('2586', 0, '5'),
('2587', 0, '5'),
('2588', 0, '5'),
('2589', 1, '5'),
('259', 0, '1'),
('2590', 1, '5'),
('2591', 1, '5'),
('2592', 1, '5'),
('2593', 1, '5'),
('2594', 1, '5'),
('2595', 1, '5'),
('2596', 1, '5'),
('2597', 1, '5'),
('2598', 0, '6'),
('2599', 0, '6'),
('26', 0, '1'),
('260', 0, '1'),
('2600', 0, '6'),
('2601', 0, '6'),
('2602', 0, '6'),
('2603', 0, '6'),
('2604', 0, '6'),
('2605', 0, '6'),
('2606', 0, '6'),
('2607', 0, '6'),
('2608', 0, '6'),
('2609', 0, '6'),
('261', 0, '1'),
('2610', 0, '6'),
('2611', 0, '6'),
('2612', 0, '6'),
('2613', 0, '6'),
('2614', 0, '6'),
('2615', 0, '6'),
('2616', 0, '6'),
('2617', 0, '6'),
('2618', 0, '6'),
('2619', 0, '6'),
('262', 0, '1'),
('2620', 0, '6'),
('2621', 0, '6'),
('2622', 0, '6'),
('2623', 0, '6'),
('2624', 0, '6'),
('2625', 0, '6'),
('2626', 0, '6'),
('2627', 0, '6'),
('2628', 0, '6'),
('2629', 0, '6'),
('263', 0, '1'),
('2630', 0, '6'),
('2631', 0, '6'),
('2632', 0, '6'),
('2633', 0, '6'),
('2634', 0, '6'),
('2635', 0, '6'),
('2636', 0, '6'),
('2637', 0, '6'),
('2638', 0, '6'),
('2639', 0, '6'),
('264', 0, '1'),
('2640', 0, '6'),
('2641', 0, '6'),
('2642', 0, '6'),
('2643', 0, '6'),
('2644', 0, '6'),
('2645', 0, '6'),
('2646', 0, '6'),
('2647', 0, '6'),
('2648', 0, '6'),
('2649', 0, '6'),
('265', 0, '1'),
('2650', 0, '6'),
('2651', 0, '6'),
('2652', 0, '6'),
('2653', 0, '6'),
('2654', 0, '6'),
('2655', 0, '6'),
('2656', 0, '6'),
('2657', 0, '6'),
('2658', 0, '6'),
('2659', 0, '6'),
('266', 0, '1'),
('2660', 0, '6'),
('2661', 0, '6'),
('2662', 0, '6'),
('2663', 0, '6'),
('2664', 0, '6'),
('2665', 0, '6'),
('2666', 0, '6'),
('2667', 0, '6'),
('2668', 0, '6'),
('2669', 0, '6'),
('267', 0, '1'),
('2670', 0, '6'),
('2671', 0, '6'),
('2672', 0, '6'),
('2673', 0, '6'),
('2674', 0, '6'),
('2675', 0, '6'),
('2676', 0, '6'),
('2677', 0, '6'),
('2678', 0, '6'),
('2679', 0, '6'),
('268', 0, '1'),
('2680', 0, '6'),
('2681', 0, '6'),
('2682', 0, '6'),
('2683', 0, '6'),
('2684', 0, '6'),
('2685', 0, '6'),
('2686', 0, '6'),
('2687', 0, '6'),
('2688', 0, '6'),
('2689', 0, '6'),
('269', 0, '1'),
('2690', 0, '6'),
('2691', 0, '6'),
('2692', 0, '6'),
('2693', 0, '6'),
('2694', 0, '6'),
('2695', 0, '6'),
('2696', 0, '6'),
('2697', 0, '6'),
('2698', 0, '6'),
('2699', 0, '6'),
('27', 0, '1'),
('270', 0, '1'),
('2700', 0, '6'),
('2701', 0, '6'),
('2702', 0, '6'),
('2703', 0, '6'),
('2704', 0, '6'),
('2705', 0, '6'),
('2706', 0, '6'),
('2707', 0, '6'),
('2708', 0, '6'),
('2709', 0, '6'),
('271', 0, '1'),
('2710', 0, '6'),
('2711', 0, '6'),
('2712', 0, '6'),
('2713', 0, '6'),
('2714', 0, '6'),
('2715', 0, '6'),
('2716', 0, '6'),
('2717', 0, '6'),
('2718', 0, '6'),
('2719', 0, '6'),
('272', 0, '1'),
('2720', 0, '6'),
('2721', 0, '6'),
('2722', 0, '6'),
('2723', 0, '6'),
('2724', 0, '6'),
('2725', 0, '6'),
('2726', 0, '6'),
('2727', 0, '6'),
('2728', 0, '6'),
('2729', 0, '6'),
('273', 0, '1'),
('2730', 0, '6'),
('2731', 0, '6'),
('2732', 0, '6'),
('2733', 0, '6'),
('2734', 0, '6'),
('2735', 0, '6'),
('2736', 0, '6'),
('2737', 0, '6'),
('2738', 0, '6'),
('2739', 0, '6'),
('274', 0, '1'),
('2740', 0, '6'),
('2741', 0, '6'),
('2742', 0, '6'),
('2743', 0, '6'),
('2744', 0, '6'),
('2745', 0, '6'),
('2746', 0, '6'),
('2747', 0, '6'),
('2748', 0, '6'),
('2749', 0, '6'),
('275', 0, '1'),
('2750', 0, '6'),
('2751', 0, '6'),
('2752', 0, '6'),
('2753', 0, '6'),
('2754', 0, '6'),
('2755', 0, '6'),
('2756', 0, '6'),
('2757', 0, '6'),
('2758', 0, '6'),
('2759', 0, '6'),
('276', 0, '1'),
('2760', 0, '6'),
('2761', 0, '6'),
('2762', 0, '6'),
('2763', 0, '6'),
('2764', 0, '6'),
('2765', 0, '6'),
('2766', 0, '6'),
('2767', 0, '6'),
('2768', 0, '6'),
('2769', 0, '6'),
('277', 0, '1'),
('2770', 0, '6'),
('2771', 0, '6'),
('2772', 0, '6'),
('2773', 0, '6'),
('2774', 0, '6'),
('2775', 0, '6'),
('2776', 0, '6'),
('2777', 0, '6'),
('2778', 0, '6'),
('2779', 0, '6'),
('278', 0, '1'),
('2780', 0, '6'),
('2781', 0, '6'),
('2782', 0, '6'),
('2783', 0, '6'),
('2784', 0, '6'),
('2785', 0, '6'),
('2786', 0, '6'),
('2787', 0, '6'),
('2788', 0, '6'),
('2789', 0, '6'),
('279', 0, '1'),
('2790', 0, '6'),
('2791', 0, '6'),
('2792', 0, '6'),
('2793', 0, '6'),
('2794', 0, '6'),
('2795', 0, '6'),
('2796', 0, '6'),
('2797', 0, '6'),
('2798', 0, '6'),
('2799', 0, '6'),
('28', 0, '1'),
('280', 0, '1'),
('2800', 0, '6'),
('2801', 0, '6'),
('2802', 0, '6'),
('2803', 0, '6'),
('2804', 0, '6'),
('2805', 0, '6'),
('2806', 0, '6'),
('2807', 0, '6'),
('2808', 0, '6'),
('2809', 0, '6'),
('281', 0, '1'),
('2810', 0, '6'),
('2811', 0, '6'),
('2812', 0, '6'),
('2813', 0, '6'),
('2814', 0, '6'),
('2815', 0, '6'),
('2816', 0, '6'),
('2817', 0, '6'),
('2818', 0, '6'),
('2819', 0, '6'),
('282', 0, '1'),
('2820', 0, '6'),
('2821', 0, '6'),
('2822', 0, '6'),
('2823', 0, '6'),
('2824', 0, '6'),
('2825', 0, '6'),
('2826', 0, '6'),
('2827', 0, '6'),
('2828', 0, '6'),
('2829', 0, '6'),
('283', 0, '1'),
('2830', 0, '6'),
('2831', 0, '6'),
('2832', 0, '6'),
('2833', 0, '6'),
('2834', 0, '6'),
('2835', 0, '6'),
('2836', 0, '6'),
('2837', 0, '6'),
('2838', 0, '6'),
('2839', 0, '6'),
('284', 0, '1'),
('2840', 0, '6'),
('2841', 0, '6'),
('2842', 0, '6'),
('2843', 0, '6'),
('2844', 0, '6'),
('2845', 0, '6'),
('2846', 0, '6'),
('2847', 0, '6'),
('2848', 0, '6'),
('2849', 0, '6'),
('285', 0, '1'),
('2850', 0, '6'),
('2851', 0, '6'),
('2852', 0, '6'),
('2853', 0, '6'),
('2854', 0, '6'),
('2855', 0, '6'),
('2856', 0, '6'),
('2857', 0, '6'),
('2858', 0, '6'),
('2859', 0, '6'),
('286', 0, '1'),
('2860', 0, '6'),
('2861', 0, '6'),
('2862', 0, '6'),
('2863', 0, '6'),
('2864', 0, '6'),
('2865', 0, '6'),
('2866', 0, '6'),
('2867', 0, '6'),
('2868', 0, '6'),
('2869', 0, '6'),
('287', 0, '1'),
('2870', 0, '6'),
('2871', 0, '6'),
('2872', 0, '6'),
('2873', 0, '6'),
('2874', 0, '6'),
('2875', 0, '6'),
('2876', 0, '6'),
('2877', 0, '6'),
('2878', 0, '6'),
('2879', 0, '6'),
('288', 0, '1'),
('2880', 0, '6'),
('2881', 0, '6'),
('2882', 0, '6'),
('2883', 0, '6'),
('2884', 0, '6'),
('2885', 0, '6'),
('2886', 0, '6'),
('2887', 0, '6'),
('2888', 0, '6'),
('2889', 0, '6'),
('289', 0, '1'),
('2890', 0, '6'),
('2891', 0, '6'),
('2892', 0, '6'),
('2893', 0, '6'),
('2894', 0, '6'),
('2895', 0, '6'),
('2896', 0, '6'),
('2897', 0, '6'),
('2898', 0, '6'),
('2899', 0, '6'),
('29', 0, '1'),
('290', 0, '1'),
('2900', 0, '6'),
('2901', 0, '6'),
('2902', 0, '6'),
('2903', 0, '6'),
('2904', 0, '6'),
('2905', 0, '6'),
('2906', 0, '6'),
('2907', 0, '6'),
('2908', 0, '6'),
('2909', 0, '6'),
('291', 0, '1'),
('2910', 0, '6'),
('2911', 0, '6'),
('2912', 0, '6'),
('2913', 0, '6'),
('2914', 0, '6'),
('2915', 0, '6'),
('2916', 0, '6'),
('2917', 0, '6'),
('2918', 0, '6'),
('2919', 0, '6'),
('292', 0, '1'),
('2920', 0, '6'),
('2921', 0, '6'),
('2922', 0, '6'),
('2923', 0, '6'),
('2924', 0, '6'),
('2925', 0, '6'),
('2926', 0, '6'),
('2927', 0, '6'),
('2928', 0, '6'),
('2929', 0, '6'),
('293', 0, '1'),
('2930', 0, '6'),
('2931', 0, '6'),
('2932', 0, '6'),
('2933', 0, '6'),
('2934', 0, '6'),
('2935', 0, '6'),
('2936', 0, '6'),
('2937', 0, '6'),
('2938', 0, '6'),
('2939', 0, '6'),
('294', 0, '1'),
('2940', 0, '6'),
('2941', 0, '6'),
('2942', 0, '6'),
('2943', 0, '6'),
('2944', 0, '6'),
('2945', 0, '6'),
('2946', 0, '6'),
('2947', 0, '6'),
('2948', 0, '6'),
('2949', 0, '6'),
('295', 0, '1'),
('2950', 0, '6'),
('2951', 0, '6'),
('2952', 0, '6'),
('2953', 0, '6'),
('2954', 0, '6'),
('2955', 0, '6'),
('2956', 0, '6'),
('2957', 0, '6'),
('2958', 0, '6'),
('2959', 0, '6'),
('296', 0, '1'),
('2960', 0, '6'),
('2961', 0, '6'),
('2962', 0, '6'),
('2963', 0, '6'),
('2964', 0, '6'),
('2965', 0, '6'),
('2966', 0, '6'),
('2967', 0, '6'),
('2968', 0, '6'),
('2969', 0, '6'),
('297', 0, '1'),
('2970', 0, '6'),
('2971', 0, '6'),
('2972', 0, '6'),
('2973', 0, '6'),
('2974', 0, '6'),
('2975', 0, '6'),
('2976', 0, '6'),
('2977', 0, '6'),
('2978', 0, '6'),
('2979', 0, '6'),
('298', 0, '1'),
('2980', 0, '6'),
('2981', 0, '6'),
('2982', 0, '6'),
('2983', 0, '6'),
('2984', 0, '6'),
('2985', 0, '6'),
('2986', 0, '6'),
('2987', 0, '6'),
('2988', 0, '6'),
('2989', 0, '6'),
('299', 0, '1'),
('2990', 0, '6'),
('2991', 0, '6'),
('2992', 0, '6'),
('2993', 0, '6'),
('2994', 0, '6'),
('2995', 0, '6'),
('2996', 0, '6'),
('2997', 0, '6'),
('2998', 0, '6'),
('2999', 0, '6'),
('3', 0, '1'),
('30', 0, '1'),
('300', 0, '1'),
('3000', 0, '6'),
('3001', 0, '6'),
('3002', 0, '6'),
('3003', 0, '6'),
('3004', 0, '6'),
('3005', 0, '6'),
('3006', 0, '6'),
('3007', 0, '6'),
('3008', 0, '6'),
('3009', 0, '6'),
('301', 0, '1'),
('3010', 0, '6'),
('3011', 0, '6'),
('3012', 0, '6'),
('3013', 0, '6'),
('3014', 0, '6'),
('3015', 0, '6'),
('3016', 0, '6'),
('3017', 0, '6'),
('3018', 0, '6'),
('3019', 0, '6'),
('302', 0, '1'),
('3020', 0, '6'),
('3021', 0, '6'),
('3022', 0, '6'),
('3023', 0, '6'),
('3024', 0, '6'),
('3025', 0, '6'),
('3026', 0, '6'),
('3027', 0, '6'),
('3028', 0, '6'),
('3029', 0, '6'),
('303', 0, '1'),
('3030', 0, '6'),
('3031', 0, '6'),
('3032', 0, '6'),
('3033', 0, '6'),
('3034', 0, '6'),
('3035', 0, '6'),
('3036', 0, '6'),
('3037', 0, '6'),
('3038', 0, '6'),
('3039', 0, '6'),
('304', 0, '1'),
('3040', 0, '6'),
('3041', 0, '6'),
('3042', 0, '6'),
('3043', 0, '6'),
('3044', 0, '6'),
('3045', 0, '6'),
('3046', 0, '6'),
('3047', 0, '6'),
('3048', 0, '6'),
('3049', 0, '6'),
('305', 0, '1'),
('3050', 0, '6'),
('3051', 0, '6'),
('3052', 0, '6'),
('3053', 0, '6'),
('3054', 0, '6'),
('3055', 0, '6'),
('3056', 0, '6'),
('3057', 0, '6'),
('3058', 0, '6'),
('3059', 0, '6'),
('306', 0, '1'),
('3060', 0, '6'),
('3061', 0, '6'),
('3062', 0, '6'),
('3063', 0, '6'),
('3064', 0, '6'),
('3065', 0, '6'),
('3066', 0, '6'),
('3067', 0, '6'),
('3068', 0, '6'),
('3069', 0, '6'),
('307', 0, '1'),
('3070', 0, '6'),
('3071', 0, '6'),
('3072', 0, '6'),
('3073', 0, '6'),
('3074', 0, '6'),
('3075', 0, '6'),
('3076', 0, '6'),
('3077', 0, '6'),
('3078', 0, '6'),
('3079', 0, '6'),
('308', 0, '1'),
('3080', 0, '6'),
('3081', 0, '6'),
('3082', 0, '6'),
('3083', 0, '6'),
('3084', 0, '6'),
('3085', 0, '6'),
('3086', 0, '6'),
('3087', 0, '6'),
('3088', 0, '6'),
('3089', 0, '6'),
('309', 0, '1'),
('3090', 0, '6'),
('3091', 0, '6'),
('3092', 0, '6'),
('3093', 0, '6'),
('3094', 0, '6'),
('3095', 0, '6'),
('3096', 0, '6'),
('3097', 0, '6'),
('3098', 0, '6'),
('3099', 0, '6'),
('31', 0, '1'),
('310', 0, '1'),
('3100', 0, '6'),
('3101', 0, '6'),
('3102', 0, '6'),
('3103', 0, '6'),
('3104', 0, '6'),
('3105', 0, '6'),
('3106', 0, '6'),
('3107', 0, '6'),
('3108', 0, '6'),
('3109', 0, '6'),
('311', 0, '1'),
('3110', 0, '6'),
('3111', 0, '6'),
('3112', 0, '6'),
('3113', 0, '6'),
('3114', 0, '6'),
('3115', 0, '6'),
('3116', 0, '6'),
('3117', 0, '6'),
('3118', 0, '6'),
('3119', 0, '6'),
('312', 0, '1'),
('3120', 0, '6'),
('3121', 0, '6'),
('3122', 0, '6'),
('3123', 0, '6'),
('3124', 0, '6'),
('3125', 0, '6'),
('3126', 0, '6'),
('3127', 0, '6'),
('3128', 0, '6'),
('3129', 0, '6'),
('313', 0, '1'),
('3130', 0, '6'),
('3131', 0, '6'),
('3132', 0, '6'),
('3133', 0, '6'),
('3134', 0, '6'),
('3135', 0, '6'),
('3136', 0, '6'),
('3137', 0, '6'),
('3138', 0, '6'),
('3139', 0, '6'),
('314', 0, '1'),
('3140', 0, '6'),
('3141', 0, '6'),
('3142', 0, '6'),
('3143', 0, '6'),
('3144', 0, '6'),
('3145', 0, '6'),
('3146', 0, '6'),
('3147', 0, '6'),
('3148', 0, '6'),
('3149', 0, '6'),
('315', 0, '1'),
('3150', 0, '6'),
('3151', 0, '6'),
('3152', 0, '6'),
('3153', 0, '6'),
('3154', 0, '6'),
('3155', 0, '6'),
('3156', 0, '6'),
('3157', 0, '6'),
('3158', 0, '6'),
('3159', 0, '6'),
('316', 0, '1'),
('3160', 0, '6'),
('3161', 0, '6'),
('3162', 0, '6'),
('3163', 0, '6'),
('3164', 0, '6'),
('3165', 0, '6'),
('3166', 0, '6'),
('3167', 0, '6'),
('3168', 0, '6'),
('3169', 0, '6'),
('317', 0, '1'),
('3170', 0, '6'),
('3171', 0, '6'),
('3172', 0, '6'),
('3173', 0, '6'),
('3174', 0, '6'),
('3175', 0, '6'),
('3176', 0, '6'),
('3177', 0, '6'),
('3178', 0, '6'),
('3179', 0, '6'),
('318', 0, '1'),
('3180', 0, '6'),
('3181', 0, '6'),
('3182', 0, '6'),
('3183', 0, '6'),
('3184', 0, '6'),
('3185', 0, '6'),
('3186', 0, '6'),
('3187', 0, '6'),
('3188', 0, '6'),
('3189', 0, '6'),
('319', 0, '1'),
('3190', 0, '6'),
('3191', 0, '6'),
('3192', 0, '6'),
('3193', 0, '6'),
('3194', 0, '6'),
('3195', 0, '6'),
('3196', 0, '6'),
('3197', 0, '6'),
('3198', 0, '6'),
('3199', 0, '6'),
('32', 0, '1'),
('320', 0, '1'),
('3200', 0, '6'),
('3201', 0, '6'),
('3202', 0, '6'),
('3203', 0, '6'),
('3204', 0, '6'),
('3205', 0, '6'),
('3206', 0, '6'),
('3207', 0, '6'),
('3208', 0, '6'),
('3209', 0, '6'),
('321', 0, '1'),
('3210', 0, '6'),
('3211', 0, '6'),
('3212', 0, '6'),
('3213', 0, '6'),
('3214', 0, '6'),
('3215', 0, '6'),
('3216', 0, '6'),
('3217', 0, '6'),
('3218', 0, '6'),
('3219', 0, '6'),
('322', 0, '1'),
('3220', 0, '6'),
('3221', 0, '6'),
('3222', 0, '6'),
('3223', 0, '6'),
('3224', 0, '6'),
('3225', 0, '6'),
('3226', 0, '6'),
('3227', 0, '6'),
('3228', 0, '6'),
('3229', 0, '6'),
('323', 0, '1'),
('3230', 0, '6'),
('3231', 0, '6'),
('3232', 0, '6'),
('3233', 0, '6'),
('3234', 0, '6'),
('3235', 0, '6'),
('3236', 0, '6'),
('3237', 0, '6'),
('3238', 0, '6'),
('3239', 0, '6'),
('324', 0, '1'),
('3240', 0, '6'),
('3241', 0, '6'),
('3242', 0, '6'),
('3243', 0, '6'),
('3244', 0, '6'),
('3245', 0, '6'),
('3246', 0, '6'),
('3247', 0, '6'),
('3248', 0, '6'),
('3249', 0, '6'),
('325', 0, '1'),
('3250', 0, '6'),
('3251', 0, '6'),
('3252', 0, '6'),
('3253', 0, '6'),
('3254', 0, '6'),
('3255', 0, '6'),
('3256', 0, '6'),
('3257', 0, '6'),
('3258', 0, '6'),
('3259', 0, '6'),
('326', 0, '1'),
('3260', 0, '6'),
('3261', 0, '6'),
('3262', 0, '6'),
('3263', 0, '6'),
('3264', 0, '6'),
('3265', 0, '6'),
('3266', 0, '6'),
('3267', 0, '6'),
('3268', 0, '6'),
('3269', 0, '6'),
('327', 0, '1'),
('3270', 0, '6'),
('3271', 0, '6'),
('3272', 0, '6'),
('3273', 0, '6'),
('3274', 0, '6'),
('3275', 0, '6'),
('3276', 0, '6'),
('3277', 0, '6'),
('3278', 0, '6'),
('3279', 0, '6'),
('328', 0, '1'),
('3280', 0, '6'),
('3281', 0, '6'),
('3282', 0, '6'),
('3283', 0, '6'),
('3284', 0, '6'),
('3285', 0, '6'),
('3286', 0, '6'),
('3287', 0, '6'),
('3288', 0, '6'),
('3289', 0, '6'),
('329', 0, '1'),
('3290', 0, '6'),
('3291', 0, '6'),
('3292', 0, '6'),
('3293', 0, '6'),
('3294', 0, '6'),
('3295', 0, '6'),
('3296', 0, '6'),
('3297', 0, '6'),
('3298', 0, '6'),
('3299', 0, '6'),
('33', 0, '1'),
('330', 0, '1'),
('3300', 0, '6'),
('3301', 0, '6'),
('3302', 0, '6'),
('3303', 0, '6'),
('3304', 0, '6'),
('3305', 0, '6'),
('3306', 0, '6'),
('3307', 0, '6'),
('3308', 0, '6'),
('3309', 0, '6'),
('331', 0, '1'),
('3310', 0, '6'),
('3311', 0, '6'),
('3312', 0, '6'),
('3313', 0, '6'),
('3314', 0, '6'),
('3315', 0, '6'),
('3316', 0, '6'),
('3317', 0, '6'),
('3318', 0, '6'),
('3319', 0, '6'),
('332', 0, '1'),
('3320', 0, '6'),
('3321', 0, '6'),
('3322', 0, '6'),
('3323', 0, '6'),
('3324', 0, '6'),
('3325', 0, '6'),
('3326', 0, '6'),
('3327', 0, '6'),
('3328', 0, '6'),
('3329', 0, '6'),
('333', 0, '1'),
('3330', 0, '6'),
('3331', 0, '6'),
('3332', 0, '6'),
('3333', 0, '6'),
('3334', 0, '6'),
('3335', 0, '6'),
('3336', 0, '6'),
('3337', 0, '6'),
('3338', 0, '6'),
('3339', 0, '6'),
('334', 0, '1'),
('3340', 0, '6'),
('3341', 0, '6'),
('3342', 0, '6'),
('3343', 0, '6'),
('3344', 0, '6'),
('3345', 0, '6'),
('3346', 0, '6'),
('3347', 0, '6'),
('3348', 0, '6'),
('3349', 0, '6'),
('335', 0, '1'),
('3350', 0, '6'),
('3351', 0, '6'),
('3352', 0, '6'),
('3353', 0, '6'),
('3354', 0, '6'),
('3355', 0, '6'),
('3356', 0, '6'),
('3357', 0, '6'),
('3358', 0, '6'),
('3359', 0, '6'),
('336', 0, '1'),
('3360', 0, '6'),
('3361', 0, '6'),
('3362', 0, '6'),
('3363', 0, '6'),
('3364', 0, '6'),
('3365', 0, '6'),
('3366', 0, '6'),
('3367', 0, '6'),
('3368', 0, '6'),
('3369', 0, '6'),
('337', 0, '1'),
('3370', 0, '6'),
('3371', 0, '6'),
('3372', 0, '6'),
('3373', 0, '6'),
('3374', 0, '6'),
('3375', 0, '6'),
('3376', 0, '6'),
('3377', 0, '6'),
('3378', 0, '6'),
('3379', 0, '6'),
('338', 0, '1'),
('3380', 0, '6'),
('3381', 0, '6'),
('3382', 0, '6'),
('3383', 0, '6'),
('3384', 0, '6'),
('3385', 0, '6'),
('3386', 0, '6'),
('3387', 0, '6'),
('3388', 0, '6'),
('3389', 0, '6'),
('339', 0, '1'),
('3390', 0, '6'),
('3391', 0, '6'),
('3392', 0, '6'),
('3393', 0, '6'),
('3394', 0, '6'),
('3395', 0, '6'),
('3396', 0, '6'),
('3397', 0, '6'),
('3398', 0, '6'),
('3399', 0, '6'),
('34', 0, '1'),
('340', 0, '1'),
('3400', 0, '6'),
('3401', 0, '6'),
('3402', 0, '6'),
('3403', 0, '6'),
('3404', 0, '6'),
('3405', 1, '6'),
('3406', 1, '6'),
('3407', 1, '6'),
('3408', 1, '6'),
('3409', 1, '6'),
('341', 0, '1'),
('3410', 1, '6'),
('3411', 1, '6'),
('3412', 1, '6'),
('3413', 1, '6'),
('3414', 1, '6'),
('3415', 1, '6'),
('3416', 1, '6'),
('3417', 1, '6'),
('3418', 1, '6'),
('3419', 1, '6'),
('342', 0, '1'),
('3420', 1, '6'),
('3421', 1, '6'),
('3422', 0, '7'),
('3423', 0, '7'),
('3424', 0, '7'),
('3425', 0, '7'),
('3426', 0, '7'),
('3427', 0, '7'),
('3428', 0, '7'),
('3429', 0, '7'),
('343', 0, '1'),
('3430', 0, '7'),
('3431', 0, '7'),
('3432', 0, '7'),
('3433', 0, '7'),
('3434', 0, '7'),
('3435', 0, '7'),
('3436', 0, '7'),
('3437', 0, '7'),
('3438', 0, '7'),
('3439', 0, '7'),
('344', 0, '1'),
('3440', 0, '7'),
('3441', 0, '7'),
('3442', 0, '7'),
('3443', 0, '7'),
('3444', 0, '7'),
('3445', 0, '7'),
('3446', 0, '7'),
('3447', 0, '7'),
('3448', 0, '7'),
('3449', 0, '7'),
('345', 0, '1'),
('3450', 0, '7'),
('3451', 0, '7'),
('3452', 0, '7'),
('3453', 0, '7'),
('3454', 0, '7'),
('3455', 0, '7'),
('3456', 0, '7'),
('3457', 0, '7'),
('3458', 0, '7'),
('3459', 0, '7'),
('346', 0, '1'),
('3460', 0, '7'),
('3461', 0, '7'),
('3462', 0, '7'),
('3463', 0, '7'),
('3464', 0, '7'),
('3465', 0, '7'),
('3466', 0, '7'),
('3467', 0, '7'),
('3468', 0, '7'),
('3469', 0, '7'),
('347', 0, '1'),
('3470', 0, '7'),
('3471', 0, '7'),
('3472', 0, '7'),
('3473', 0, '7'),
('3474', 0, '7'),
('3475', 0, '7'),
('3476', 0, '7'),
('3477', 0, '7'),
('3478', 0, '7'),
('3479', 0, '7'),
('348', 0, '1'),
('3480', 0, '7'),
('3481', 0, '7'),
('3482', 0, '7'),
('3483', 0, '7'),
('3484', 0, '7'),
('3485', 0, '7'),
('3486', 0, '7'),
('3487', 0, '7'),
('3488', 0, '7'),
('3489', 0, '7'),
('349', 0, '1'),
('3490', 0, '7'),
('3491', 0, '7'),
('3492', 0, '7'),
('3493', 0, '7'),
('3494', 0, '7'),
('3495', 0, '7'),
('3496', 0, '7'),
('3497', 0, '7'),
('3498', 0, '7'),
('3499', 0, '7'),
('35', 0, '1'),
('350', 0, '1'),
('3500', 0, '7'),
('3501', 0, '7'),
('3502', 0, '7'),
('3503', 0, '7'),
('3504', 0, '7'),
('3505', 0, '7'),
('3506', 0, '7'),
('3507', 0, '7'),
('3508', 0, '7'),
('3509', 0, '7'),
('351', 0, '1'),
('3510', 0, '7'),
('3511', 0, '7'),
('3512', 0, '7'),
('3513', 0, '7'),
('3514', 0, '7'),
('3515', 0, '7'),
('3516', 0, '7'),
('3517', 0, '7'),
('3518', 0, '7'),
('3519', 0, '7'),
('352', 0, '1'),
('3520', 0, '7'),
('3521', 0, '7'),
('3522', 0, '7'),
('3523', 0, '7'),
('3524', 0, '7'),
('3525', 0, '7'),
('3526', 0, '7'),
('3527', 0, '7'),
('3528', 0, '7'),
('3529', 0, '7'),
('353', 0, '1'),
('3530', 0, '7'),
('3531', 0, '7'),
('3532', 0, '7'),
('3533', 0, '7'),
('3534', 0, '7'),
('3535', 0, '7'),
('3536', 0, '7'),
('3537', 0, '7'),
('3538', 0, '7'),
('3539', 0, '7'),
('354', 0, '1'),
('3540', 0, '7'),
('3541', 0, '7'),
('3542', 0, '7'),
('3543', 0, '7'),
('3544', 0, '7'),
('3545', 0, '7'),
('3546', 0, '7'),
('3547', 0, '7'),
('3548', 0, '7'),
('3549', 0, '7'),
('355', 0, '1'),
('3550', 0, '7'),
('3551', 0, '7'),
('3552', 0, '7'),
('3553', 0, '7'),
('3554', 0, '7'),
('3555', 0, '7'),
('3556', 0, '7'),
('3557', 0, '7'),
('3558', 0, '7'),
('3559', 0, '7'),
('356', 0, '1'),
('3560', 0, '7'),
('3561', 0, '7'),
('3562', 0, '7'),
('3563', 0, '7'),
('3564', 0, '7'),
('3565', 0, '7'),
('3566', 0, '7'),
('3567', 0, '7'),
('3568', 0, '7'),
('3569', 0, '7'),
('357', 0, '1'),
('3570', 0, '7'),
('3571', 0, '7'),
('3572', 0, '7'),
('3573', 0, '7'),
('3574', 0, '7'),
('3575', 0, '7'),
('3576', 0, '7'),
('3577', 0, '7'),
('3578', 0, '7'),
('3579', 0, '7'),
('358', 0, '1'),
('3580', 0, '7'),
('3581', 0, '7'),
('3582', 0, '7'),
('3583', 0, '7'),
('3584', 0, '7'),
('3585', 0, '7'),
('3586', 0, '7'),
('3587', 0, '7'),
('3588', 0, '7'),
('3589', 0, '7'),
('359', 0, '1'),
('3590', 0, '7'),
('3591', 0, '7'),
('3592', 0, '7'),
('3593', 0, '7'),
('3594', 0, '7'),
('3595', 0, '7'),
('3596', 0, '7'),
('3597', 0, '7'),
('3598', 0, '7'),
('3599', 0, '7'),
('36', 0, '1'),
('360', 0, '1'),
('3600', 0, '7'),
('3601', 0, '7'),
('3602', 0, '7'),
('3603', 0, '7'),
('3604', 0, '7'),
('3605', 0, '7'),
('3606', 0, '7'),
('3607', 0, '7'),
('3608', 0, '7'),
('3609', 0, '7'),
('361', 0, '1'),
('3610', 0, '7'),
('3611', 0, '7'),
('3612', 0, '7'),
('3613', 0, '7'),
('3614', 0, '7'),
('3615', 0, '7'),
('3616', 0, '7'),
('3617', 0, '7'),
('3618', 0, '7'),
('3619', 0, '7'),
('362', 0, '1'),
('3620', 0, '7'),
('3621', 0, '7'),
('3622', 0, '7'),
('3623', 0, '7'),
('3624', 0, '7'),
('3625', 0, '7'),
('3626', 0, '7'),
('3627', 0, '7'),
('3628', 0, '7'),
('3629', 0, '7'),
('363', 0, '1'),
('3630', 0, '7'),
('3631', 0, '7'),
('3632', 0, '7'),
('3633', 0, '7'),
('3634', 0, '7'),
('3635', 0, '7'),
('3636', 0, '7'),
('3637', 0, '7'),
('3638', 0, '7'),
('3639', 0, '7'),
('364', 0, '1'),
('3640', 0, '7'),
('3641', 0, '7'),
('3642', 0, '7'),
('3643', 0, '7'),
('3644', 0, '7'),
('3645', 0, '7'),
('3646', 0, '7'),
('3647', 0, '7'),
('3648', 0, '7'),
('3649', 0, '7'),
('365', 0, '1'),
('3650', 0, '7'),
('3651', 0, '7'),
('3652', 0, '7'),
('3653', 0, '7'),
('3654', 0, '7'),
('3655', 0, '7'),
('3656', 0, '7'),
('3657', 0, '7'),
('3658', 0, '7'),
('3659', 0, '7'),
('366', 0, '1'),
('3660', 0, '7'),
('3661', 0, '7'),
('3662', 0, '7'),
('3663', 0, '7'),
('3664', 0, '7'),
('3665', 0, '7'),
('3666', 0, '7'),
('3667', 0, '7'),
('3668', 0, '7'),
('3669', 0, '7'),
('367', 0, '1'),
('3670', 0, '7'),
('3671', 0, '7'),
('3672', 0, '7'),
('3673', 0, '7'),
('3674', 0, '7'),
('3675', 0, '7'),
('3676', 0, '7'),
('3677', 0, '7'),
('3678', 0, '7'),
('3679', 0, '7'),
('368', 0, '1'),
('3680', 0, '7'),
('3681', 0, '7'),
('3682', 0, '7'),
('3683', 0, '7'),
('3684', 0, '7'),
('3685', 0, '7'),
('3686', 0, '7'),
('3687', 0, '7'),
('3688', 0, '7'),
('3689', 0, '7'),
('369', 0, '1'),
('3690', 0, '7'),
('3691', 0, '7'),
('3692', 0, '7'),
('3693', 0, '7'),
('3694', 0, '7'),
('3695', 0, '7'),
('3696', 0, '7'),
('3697', 0, '7'),
('3698', 0, '7'),
('3699', 0, '7'),
('37', 0, '1'),
('370', 0, '1'),
('3700', 0, '7'),
('3701', 0, '7'),
('3702', 0, '7'),
('3703', 0, '7'),
('3704', 0, '7'),
('3705', 0, '7'),
('3706', 0, '7'),
('3707', 0, '7'),
('3708', 0, '7'),
('3709', 0, '7'),
('371', 0, '1'),
('3710', 0, '7'),
('3711', 0, '7'),
('3712', 0, '7'),
('3713', 0, '7'),
('3714', 0, '7'),
('3715', 0, '7'),
('3716', 0, '7'),
('3717', 0, '7'),
('3718', 0, '7'),
('3719', 0, '7'),
('372', 0, '1'),
('3720', 0, '7'),
('3721', 0, '7'),
('3722', 0, '7'),
('3723', 0, '7'),
('3724', 0, '7'),
('3725', 0, '7'),
('3726', 0, '7'),
('3727', 0, '7'),
('3728', 0, '7'),
('3729', 0, '7'),
('373', 0, '1'),
('3730', 0, '7'),
('3731', 0, '7'),
('3732', 0, '7'),
('3733', 0, '7'),
('3734', 0, '7'),
('3735', 0, '7'),
('3736', 0, '7'),
('3737', 0, '7'),
('3738', 0, '7'),
('3739', 0, '7'),
('374', 0, '1'),
('3740', 0, '7'),
('3741', 0, '7'),
('3742', 0, '7'),
('3743', 0, '7'),
('3744', 0, '7'),
('3745', 0, '7'),
('3746', 0, '7'),
('3747', 0, '7'),
('3748', 0, '7'),
('3749', 0, '7'),
('375', 0, '1'),
('3750', 0, '7'),
('3751', 0, '7'),
('3752', 0, '7'),
('3753', 0, '7'),
('3754', 0, '7'),
('3755', 0, '7'),
('3756', 0, '7'),
('3757', 0, '7'),
('3758', 0, '7'),
('3759', 0, '7'),
('376', 0, '1'),
('3760', 0, '7'),
('3761', 0, '7'),
('3762', 0, '7'),
('3763', 0, '7'),
('3764', 0, '7'),
('3765', 0, '7'),
('3766', 0, '7'),
('3767', 0, '7'),
('3768', 0, '7'),
('3769', 0, '7'),
('377', 0, '1'),
('3770', 0, '7'),
('3771', 0, '7'),
('3772', 0, '7'),
('3773', 0, '7'),
('3774', 0, '7'),
('3775', 0, '7'),
('3776', 0, '7'),
('3777', 0, '7'),
('3778', 0, '7'),
('3779', 0, '7'),
('378', 0, '1'),
('3780', 0, '7'),
('3781', 0, '7'),
('3782', 0, '7'),
('3783', 0, '7'),
('3784', 0, '7'),
('3785', 0, '7'),
('3786', 0, '7'),
('3787', 0, '7'),
('3788', 0, '7'),
('3789', 0, '7'),
('379', 0, '1'),
('3790', 0, '7'),
('3791', 0, '7'),
('3792', 0, '7'),
('3793', 0, '7'),
('3794', 0, '7'),
('3795', 0, '7'),
('3796', 0, '7'),
('3797', 0, '7'),
('3798', 0, '7'),
('3799', 0, '7'),
('38', 0, '1'),
('380', 0, '1'),
('3800', 0, '7'),
('3801', 0, '7'),
('3802', 0, '7'),
('3803', 0, '7'),
('3804', 0, '7'),
('3805', 0, '7'),
('3806', 0, '7'),
('3807', 0, '7'),
('3808', 0, '7'),
('3809', 0, '7'),
('381', 0, '1'),
('3810', 0, '7'),
('3811', 0, '7'),
('3812', 0, '7'),
('3813', 0, '7'),
('3814', 0, '7'),
('3815', 0, '7'),
('3816', 0, '7'),
('3817', 0, '7'),
('3818', 0, '7'),
('3819', 0, '7'),
('382', 0, '1'),
('3820', 0, '7'),
('3821', 0, '7'),
('3822', 0, '7'),
('3823', 0, '7'),
('3824', 0, '7'),
('3825', 0, '7'),
('3826', 0, '7');
INSERT INTO `place` (`identifiantPlace`, `PMR`, `IdentifiantPark`) VALUES
('3827', 0, '7'),
('3828', 0, '7'),
('3829', 0, '7'),
('383', 0, '1'),
('3830', 0, '7'),
('3831', 0, '7'),
('3832', 0, '7'),
('3833', 0, '7'),
('3834', 0, '7'),
('3835', 0, '7'),
('3836', 0, '7'),
('3837', 0, '7'),
('3838', 0, '7'),
('3839', 0, '7'),
('384', 0, '1'),
('3840', 0, '7'),
('3841', 0, '7'),
('3842', 0, '7'),
('3843', 0, '7'),
('3844', 0, '7'),
('3845', 0, '7'),
('3846', 0, '7'),
('3847', 0, '7'),
('3848', 0, '7'),
('3849', 0, '7'),
('385', 0, '1'),
('3850', 0, '7'),
('3851', 0, '7'),
('3852', 0, '7'),
('3853', 0, '7'),
('3854', 0, '7'),
('3855', 0, '7'),
('3856', 0, '7'),
('3857', 0, '7'),
('3858', 0, '7'),
('3859', 0, '7'),
('386', 0, '1'),
('3860', 0, '7'),
('3861', 0, '7'),
('3862', 0, '7'),
('3863', 0, '7'),
('3864', 0, '7'),
('3865', 0, '7'),
('3866', 0, '7'),
('3867', 0, '7'),
('3868', 0, '7'),
('3869', 0, '7'),
('387', 0, '1'),
('3870', 0, '7'),
('3871', 0, '7'),
('3872', 0, '7'),
('3873', 0, '7'),
('3874', 0, '7'),
('3875', 0, '7'),
('3876', 0, '7'),
('3877', 0, '7'),
('3878', 0, '7'),
('3879', 0, '7'),
('388', 0, '1'),
('3880', 0, '7'),
('3881', 0, '7'),
('3882', 0, '7'),
('3883', 0, '7'),
('3884', 0, '7'),
('3885', 0, '7'),
('3886', 0, '7'),
('3887', 0, '7'),
('3888', 0, '7'),
('3889', 0, '7'),
('389', 0, '1'),
('3890', 0, '7'),
('3891', 0, '7'),
('3892', 0, '7'),
('3893', 0, '7'),
('3894', 0, '7'),
('3895', 0, '7'),
('3896', 0, '7'),
('3897', 0, '7'),
('3898', 0, '7'),
('3899', 0, '7'),
('39', 0, '1'),
('390', 0, '1'),
('3900', 0, '7'),
('3901', 0, '7'),
('3902', 0, '7'),
('3903', 0, '7'),
('3904', 0, '7'),
('3905', 0, '7'),
('3906', 0, '7'),
('3907', 0, '7'),
('3908', 0, '7'),
('3909', 0, '7'),
('391', 0, '1'),
('3910', 0, '7'),
('3911', 0, '7'),
('3912', 0, '7'),
('3913', 0, '7'),
('3914', 0, '7'),
('3915', 0, '7'),
('3916', 0, '7'),
('3917', 0, '7'),
('3918', 0, '7'),
('3919', 0, '7'),
('392', 0, '1'),
('3920', 0, '7'),
('3921', 0, '7'),
('3922', 0, '7'),
('3923', 0, '7'),
('3924', 0, '7'),
('3925', 0, '7'),
('3926', 0, '7'),
('3927', 0, '7'),
('3928', 0, '7'),
('3929', 0, '7'),
('393', 0, '1'),
('3930', 0, '7'),
('3931', 0, '7'),
('3932', 0, '7'),
('3933', 0, '7'),
('3934', 0, '7'),
('3935', 0, '7'),
('3936', 0, '7'),
('3937', 0, '7'),
('3938', 0, '7'),
('3939', 0, '7'),
('394', 0, '1'),
('3940', 0, '7'),
('3941', 0, '7'),
('3942', 0, '7'),
('3943', 0, '7'),
('3944', 0, '7'),
('3945', 0, '7'),
('3946', 0, '7'),
('3947', 0, '7'),
('3948', 0, '7'),
('3949', 0, '7'),
('395', 0, '1'),
('3950', 0, '7'),
('3951', 0, '7'),
('3952', 0, '7'),
('3953', 0, '7'),
('3954', 0, '7'),
('3955', 0, '7'),
('3956', 0, '7'),
('3957', 0, '7'),
('3958', 0, '7'),
('3959', 0, '7'),
('396', 0, '1'),
('3960', 0, '7'),
('3961', 0, '7'),
('3962', 0, '7'),
('3963', 0, '7'),
('3964', 0, '7'),
('3965', 0, '7'),
('3966', 0, '7'),
('3967', 0, '7'),
('3968', 0, '7'),
('3969', 0, '7'),
('397', 0, '1'),
('3970', 0, '7'),
('3971', 0, '7'),
('3972', 0, '7'),
('3973', 0, '7'),
('3974', 0, '7'),
('3975', 0, '7'),
('3976', 0, '7'),
('3977', 0, '7'),
('3978', 0, '7'),
('3979', 0, '7'),
('398', 0, '1'),
('3980', 0, '7'),
('3981', 0, '7'),
('3982', 0, '7'),
('3983', 0, '7'),
('3984', 0, '7'),
('3985', 0, '7'),
('3986', 0, '7'),
('3987', 0, '7'),
('3988', 0, '7'),
('3989', 0, '7'),
('399', 0, '1'),
('3990', 0, '7'),
('3991', 0, '7'),
('3992', 0, '7'),
('3993', 0, '7'),
('3994', 0, '7'),
('3995', 0, '7'),
('3996', 0, '7'),
('3997', 0, '7'),
('3998', 0, '7'),
('3999', 0, '7'),
('4', 0, '1'),
('40', 0, '1'),
('400', 0, '1'),
('4000', 0, '7'),
('4001', 0, '7'),
('4002', 0, '7'),
('4003', 0, '7'),
('4004', 0, '7'),
('4005', 0, '7'),
('4006', 0, '7'),
('4007', 0, '7'),
('4008', 0, '7'),
('4009', 0, '7'),
('401', 0, '1'),
('4010', 0, '7'),
('4011', 0, '7'),
('4012', 0, '7'),
('4013', 0, '7'),
('4014', 0, '7'),
('4015', 0, '7'),
('4016', 0, '7'),
('4017', 0, '7'),
('4018', 0, '7'),
('4019', 0, '7'),
('402', 0, '1'),
('4020', 0, '7'),
('4021', 0, '7'),
('4022', 0, '7'),
('4023', 0, '7'),
('4024', 0, '7'),
('4025', 0, '7'),
('4026', 0, '7'),
('4027', 0, '7'),
('4028', 0, '7'),
('4029', 0, '7'),
('403', 0, '1'),
('4030', 0, '7'),
('4031', 0, '7'),
('4032', 0, '7'),
('4033', 0, '7'),
('4034', 0, '7'),
('4035', 0, '7'),
('4036', 0, '7'),
('4037', 0, '7'),
('4038', 0, '7'),
('4039', 0, '7'),
('404', 0, '1'),
('4040', 0, '7'),
('4041', 0, '7'),
('4042', 0, '7'),
('4043', 0, '7'),
('4044', 0, '7'),
('4045', 0, '7'),
('4046', 0, '7'),
('4047', 0, '7'),
('4048', 0, '7'),
('4049', 0, '7'),
('405', 0, '1'),
('4050', 0, '7'),
('4051', 0, '7'),
('4052', 0, '7'),
('4053', 0, '7'),
('4054', 0, '7'),
('4055', 0, '7'),
('4056', 0, '7'),
('4057', 0, '7'),
('4058', 0, '7'),
('4059', 0, '7'),
('406', 0, '1'),
('4060', 0, '7'),
('4061', 0, '7'),
('4062', 0, '7'),
('4063', 0, '7'),
('4064', 0, '7'),
('4065', 0, '7'),
('4066', 0, '7'),
('4067', 0, '7'),
('4068', 0, '7'),
('4069', 0, '7'),
('407', 0, '1'),
('4070', 0, '7'),
('4071', 0, '7'),
('4072', 0, '7'),
('4073', 0, '7'),
('4074', 0, '7'),
('4075', 0, '7'),
('4076', 0, '7'),
('4077', 0, '7'),
('4078', 0, '7'),
('4079', 0, '7'),
('408', 0, '1'),
('4080', 0, '7'),
('4081', 0, '7'),
('4082', 0, '7'),
('4083', 0, '7'),
('4084', 0, '7'),
('4085', 0, '7'),
('4086', 0, '7'),
('4087', 0, '7'),
('4088', 0, '7'),
('4089', 0, '7'),
('409', 0, '1'),
('4090', 0, '7'),
('4091', 0, '7'),
('4092', 0, '7'),
('4093', 0, '7'),
('4094', 0, '7'),
('4095', 0, '7'),
('4096', 0, '7'),
('4097', 0, '7'),
('4098', 0, '7'),
('4099', 0, '7'),
('41', 0, '1'),
('410', 0, '1'),
('4100', 0, '7'),
('4101', 0, '7'),
('4102', 0, '7'),
('4103', 0, '7'),
('4104', 0, '7'),
('4105', 0, '7'),
('4106', 0, '7'),
('4107', 0, '7'),
('4108', 0, '7'),
('4109', 0, '7'),
('411', 0, '1'),
('4110', 0, '7'),
('4111', 0, '7'),
('4112', 0, '7'),
('4113', 0, '7'),
('4114', 0, '7'),
('4115', 0, '7'),
('4116', 0, '7'),
('4117', 0, '7'),
('4118', 0, '7'),
('4119', 0, '7'),
('412', 0, '1'),
('4120', 0, '7'),
('4121', 0, '7'),
('4122', 0, '7'),
('4123', 0, '7'),
('4124', 0, '7'),
('4125', 0, '7'),
('4126', 0, '7'),
('4127', 0, '7'),
('4128', 0, '7'),
('4129', 0, '7'),
('413', 0, '1'),
('4130', 0, '7'),
('4131', 0, '7'),
('4132', 0, '7'),
('4133', 0, '7'),
('4134', 0, '7'),
('4135', 0, '7'),
('4136', 0, '7'),
('4137', 0, '7'),
('4138', 0, '7'),
('4139', 0, '7'),
('414', 0, '1'),
('4140', 0, '7'),
('4141', 0, '7'),
('4142', 0, '7'),
('4143', 0, '7'),
('4144', 0, '7'),
('4145', 0, '7'),
('4146', 0, '7'),
('4147', 0, '7'),
('4148', 0, '7'),
('4149', 0, '7'),
('415', 0, '1'),
('4150', 0, '7'),
('4151', 0, '7'),
('4152', 0, '7'),
('4153', 0, '7'),
('4154', 0, '7'),
('4155', 0, '7'),
('4156', 0, '7'),
('4157', 0, '7'),
('4158', 0, '7'),
('4159', 0, '7'),
('416', 0, '1'),
('4160', 0, '7'),
('4161', 0, '7'),
('4162', 0, '7'),
('4163', 0, '7'),
('4164', 0, '7'),
('4165', 0, '7'),
('4166', 0, '7'),
('4167', 0, '7'),
('4168', 0, '7'),
('4169', 0, '7'),
('417', 0, '1'),
('4170', 0, '7'),
('4171', 0, '7'),
('4172', 0, '7'),
('4173', 0, '7'),
('4174', 0, '7'),
('4175', 0, '7'),
('4176', 0, '7'),
('4177', 0, '7'),
('4178', 0, '7'),
('4179', 0, '7'),
('418', 0, '1'),
('4180', 0, '7'),
('4181', 0, '7'),
('4182', 0, '7'),
('4183', 0, '7'),
('4184', 0, '7'),
('4185', 0, '7'),
('4186', 0, '7'),
('4187', 0, '7'),
('4188', 0, '7'),
('4189', 0, '7'),
('419', 0, '1'),
('4190', 0, '7'),
('4191', 0, '7'),
('4192', 0, '7'),
('4193', 0, '7'),
('4194', 0, '7'),
('4195', 0, '7'),
('4196', 0, '7'),
('4197', 0, '7'),
('4198', 0, '7'),
('4199', 0, '7'),
('42', 0, '1'),
('420', 0, '1'),
('4200', 0, '7'),
('4201', 0, '7'),
('4202', 0, '7'),
('4203', 0, '7'),
('4204', 0, '7'),
('4205', 0, '7'),
('4206', 0, '7'),
('4207', 0, '7'),
('4208', 0, '7'),
('4209', 0, '7'),
('421', 0, '1'),
('4210', 0, '7'),
('4211', 0, '7'),
('4212', 0, '7'),
('4213', 0, '7'),
('4214', 0, '7'),
('4215', 0, '7'),
('4216', 0, '7'),
('4217', 0, '7'),
('4218', 0, '7'),
('4219', 0, '7'),
('422', 0, '1'),
('4220', 0, '7'),
('4221', 0, '7'),
('4222', 0, '7'),
('4223', 0, '7'),
('4224', 0, '7'),
('4225', 0, '7'),
('4226', 0, '7'),
('4227', 0, '7'),
('4228', 0, '7'),
('4229', 0, '7'),
('423', 0, '1'),
('4230', 0, '7'),
('4231', 0, '7'),
('4232', 0, '7'),
('4233', 0, '7'),
('4234', 0, '7'),
('4235', 0, '7'),
('4236', 0, '7'),
('4237', 0, '7'),
('4238', 0, '7'),
('4239', 0, '7'),
('424', 0, '1'),
('4240', 0, '7'),
('4241', 0, '7'),
('4242', 0, '7'),
('4243', 0, '7'),
('4244', 0, '7'),
('4245', 0, '7'),
('4246', 0, '7'),
('4247', 0, '7'),
('4248', 0, '7'),
('4249', 0, '7'),
('425', 0, '1'),
('4250', 0, '7'),
('4251', 0, '7'),
('4252', 0, '7'),
('4253', 0, '7'),
('4254', 0, '7'),
('4255', 0, '7'),
('4256', 0, '7'),
('4257', 0, '7'),
('4258', 0, '7'),
('4259', 0, '7'),
('426', 0, '1'),
('4260', 0, '7'),
('4261', 0, '7'),
('4262', 0, '7'),
('4263', 0, '7'),
('4264', 0, '7'),
('4265', 0, '7'),
('4266', 0, '7'),
('4267', 0, '7'),
('4268', 0, '7'),
('4269', 0, '7'),
('427', 0, '1'),
('4270', 0, '7'),
('4271', 0, '7'),
('4272', 0, '7'),
('4273', 0, '7'),
('4274', 0, '7'),
('4275', 0, '7'),
('4276', 0, '7'),
('4277', 0, '7'),
('4278', 0, '7'),
('4279', 0, '7'),
('428', 0, '1'),
('4280', 0, '7'),
('4281', 0, '7'),
('4282', 0, '7'),
('4283', 0, '7'),
('4284', 0, '7'),
('4285', 0, '7'),
('4286', 0, '7'),
('4287', 0, '7'),
('4288', 0, '7'),
('4289', 0, '7'),
('429', 0, '1'),
('4290', 0, '7'),
('4291', 0, '7'),
('4292', 0, '7'),
('4293', 0, '7'),
('4294', 0, '7'),
('4295', 0, '7'),
('4296', 0, '7'),
('4297', 0, '7'),
('4298', 0, '7'),
('4299', 0, '7'),
('43', 0, '1'),
('430', 0, '1'),
('4300', 0, '7'),
('4301', 0, '7'),
('4302', 0, '7'),
('4303', 0, '7'),
('4304', 0, '7'),
('4305', 0, '7'),
('4306', 0, '7'),
('4307', 0, '7'),
('4308', 0, '7'),
('4309', 0, '7'),
('431', 0, '1'),
('4310', 0, '7'),
('4311', 0, '7'),
('4312', 0, '7'),
('4313', 0, '7'),
('4314', 0, '7'),
('4315', 0, '7'),
('4316', 0, '7'),
('4317', 0, '7'),
('4318', 0, '7'),
('4319', 0, '7'),
('432', 0, '1'),
('4320', 0, '7'),
('4321', 0, '7'),
('4322', 0, '7'),
('4323', 0, '7'),
('4324', 0, '7'),
('4325', 0, '7'),
('4326', 0, '7'),
('4327', 0, '7'),
('4328', 0, '7'),
('4329', 0, '7'),
('433', 0, '1'),
('4330', 0, '7'),
('4331', 0, '7'),
('4332', 0, '7'),
('4333', 0, '7'),
('4334', 0, '7'),
('4335', 0, '7'),
('4336', 0, '7'),
('4337', 0, '7'),
('4338', 0, '7'),
('4339', 0, '7'),
('434', 0, '1'),
('4340', 0, '7'),
('4341', 0, '7'),
('4342', 0, '7'),
('4343', 0, '7'),
('4344', 0, '7'),
('4345', 0, '7'),
('4346', 0, '7'),
('4347', 0, '7'),
('4348', 0, '7'),
('4349', 0, '7'),
('435', 0, '1'),
('4350', 0, '7'),
('4351', 0, '7'),
('4352', 0, '7'),
('4353', 0, '7'),
('4354', 0, '7'),
('4355', 0, '7'),
('4356', 0, '7'),
('4357', 0, '7'),
('4358', 0, '7'),
('4359', 0, '7'),
('436', 0, '1'),
('4360', 0, '7'),
('4361', 0, '7'),
('4362', 0, '7'),
('4363', 0, '7'),
('4364', 0, '7'),
('4365', 0, '7'),
('4366', 0, '7'),
('4367', 0, '7'),
('4368', 0, '7'),
('4369', 0, '7'),
('437', 0, '1'),
('4370', 0, '7'),
('4371', 0, '7'),
('4372', 0, '7'),
('4373', 0, '7'),
('4374', 0, '7'),
('4375', 0, '7'),
('4376', 0, '7'),
('4377', 0, '7'),
('4378', 0, '7'),
('4379', 0, '7'),
('438', 0, '1'),
('4380', 0, '7'),
('4381', 0, '7'),
('4382', 0, '7'),
('4383', 0, '7'),
('4384', 0, '7'),
('4385', 0, '7'),
('4386', 0, '7'),
('4387', 0, '7'),
('4388', 0, '7'),
('4389', 0, '7'),
('439', 0, '1'),
('4390', 0, '7'),
('4391', 0, '7'),
('4392', 0, '7'),
('4393', 0, '7'),
('4394', 0, '7'),
('4395', 0, '7'),
('4396', 0, '7'),
('4397', 0, '7'),
('4398', 0, '7'),
('4399', 0, '7'),
('44', 0, '1'),
('440', 0, '1'),
('4400', 0, '7'),
('4401', 0, '7'),
('4402', 0, '7'),
('4403', 0, '7'),
('4404', 0, '7'),
('4405', 0, '7'),
('4406', 0, '7'),
('4407', 0, '7'),
('4408', 0, '7'),
('4409', 0, '7'),
('441', 0, '1'),
('4410', 0, '7'),
('4411', 0, '7'),
('4412', 0, '7'),
('4413', 0, '7'),
('4414', 0, '7'),
('4415', 0, '7'),
('4416', 0, '7'),
('4417', 0, '7'),
('4418', 0, '7'),
('4419', 0, '7'),
('442', 1, '1'),
('4420', 0, '7'),
('4421', 0, '7'),
('4422', 0, '7'),
('4423', 0, '7'),
('4424', 0, '7'),
('4425', 0, '7'),
('4426', 0, '7'),
('4427', 0, '7'),
('4428', 0, '7'),
('4429', 0, '7'),
('443', 1, '1'),
('4430', 0, '7'),
('4431', 0, '7'),
('4432', 0, '7'),
('4433', 0, '7'),
('4434', 0, '7'),
('4435', 0, '7'),
('4436', 0, '7'),
('4437', 0, '7'),
('4438', 0, '7'),
('4439', 0, '7'),
('444', 1, '1'),
('4440', 0, '7'),
('4441', 0, '7'),
('4442', 0, '7'),
('4443', 0, '7'),
('4444', 0, '7'),
('4445', 0, '7'),
('4446', 0, '7'),
('4447', 0, '7'),
('4448', 0, '7'),
('4449', 0, '7'),
('445', 1, '1'),
('4450', 0, '7'),
('4451', 0, '7'),
('4452', 0, '7'),
('4453', 0, '7'),
('4454', 0, '7'),
('4455', 0, '7'),
('4456', 0, '7'),
('4457', 0, '7'),
('4458', 0, '7'),
('4459', 0, '7'),
('446', 1, '1'),
('4460', 0, '7'),
('4461', 0, '7'),
('4462', 0, '7'),
('4463', 0, '7'),
('4464', 0, '7'),
('4465', 0, '7'),
('4466', 0, '7'),
('4467', 0, '7'),
('4468', 0, '7'),
('4469', 0, '7'),
('447', 1, '1'),
('4470', 0, '7'),
('4471', 0, '7'),
('4472', 0, '7'),
('4473', 0, '7'),
('4474', 0, '7'),
('4475', 0, '7'),
('4476', 0, '7'),
('4477', 0, '7'),
('4478', 0, '7'),
('4479', 0, '7'),
('448', 1, '1'),
('4480', 0, '7'),
('4481', 0, '7'),
('4482', 0, '7'),
('4483', 0, '7'),
('4484', 0, '7'),
('4485', 0, '7'),
('4486', 0, '7'),
('4487', 0, '7'),
('4488', 0, '7'),
('4489', 0, '7'),
('449', 1, '1'),
('4490', 0, '7'),
('4491', 0, '7'),
('4492', 0, '7'),
('4493', 0, '7'),
('4494', 0, '7'),
('4495', 0, '7'),
('4496', 0, '7'),
('4497', 0, '7'),
('4498', 0, '7'),
('4499', 0, '7'),
('45', 0, '1'),
('450', 1, '1'),
('4500', 0, '7'),
('4501', 0, '7'),
('4502', 0, '7'),
('4503', 0, '7'),
('4504', 0, '7'),
('4505', 0, '7'),
('4506', 0, '7'),
('4507', 0, '7'),
('4508', 0, '7'),
('4509', 0, '7'),
('451', 1, '1'),
('4510', 0, '7'),
('4511', 0, '7'),
('4512', 0, '7'),
('4513', 0, '7'),
('4514', 0, '7'),
('4515', 0, '7'),
('4516', 0, '7'),
('4517', 0, '7'),
('4518', 0, '7'),
('4519', 0, '7'),
('452', 0, '2'),
('4520', 0, '7'),
('4521', 0, '7'),
('4522', 0, '7'),
('4523', 0, '7'),
('4524', 0, '7'),
('4525', 0, '7'),
('4526', 0, '7'),
('4527', 0, '7'),
('4528', 0, '7'),
('4529', 0, '7'),
('453', 0, '2'),
('4530', 0, '7'),
('4531', 0, '7'),
('4532', 0, '7'),
('4533', 0, '7'),
('4534', 0, '7'),
('4535', 0, '7'),
('4536', 0, '7'),
('4537', 0, '7'),
('4538', 0, '7'),
('4539', 0, '7'),
('454', 0, '2'),
('4540', 0, '7'),
('4541', 0, '7'),
('4542', 0, '7'),
('4543', 0, '7'),
('4544', 0, '7'),
('4545', 0, '7'),
('4546', 0, '7'),
('4547', 0, '7'),
('4548', 0, '7'),
('4549', 0, '7'),
('455', 0, '2'),
('4550', 0, '7'),
('4551', 0, '7'),
('4552', 0, '7'),
('4553', 0, '7'),
('4554', 0, '7'),
('4555', 0, '7'),
('4556', 0, '7'),
('4557', 0, '7'),
('4558', 0, '7'),
('4559', 0, '7'),
('456', 0, '2'),
('4560', 0, '7'),
('4561', 0, '7'),
('4562', 0, '7'),
('4563', 0, '7'),
('4564', 0, '7'),
('4565', 0, '7'),
('4566', 0, '7'),
('4567', 0, '7'),
('4568', 0, '7'),
('4569', 0, '7'),
('457', 0, '2'),
('4570', 0, '7'),
('4571', 0, '7'),
('4572', 0, '7'),
('4573', 0, '7'),
('4574', 0, '7'),
('4575', 0, '7'),
('4576', 0, '7'),
('4577', 0, '7'),
('4578', 0, '7'),
('4579', 0, '7'),
('458', 0, '2'),
('4580', 0, '7'),
('4581', 0, '7'),
('4582', 0, '7'),
('4583', 0, '7'),
('4584', 0, '7'),
('4585', 0, '7'),
('4586', 0, '7'),
('4587', 0, '7'),
('4588', 0, '7'),
('4589', 0, '7'),
('459', 0, '2'),
('4590', 0, '7'),
('4591', 0, '7'),
('4592', 0, '7'),
('4593', 0, '7'),
('4594', 0, '7'),
('4595', 0, '7'),
('4596', 0, '7'),
('4597', 0, '7'),
('4598', 0, '7'),
('4599', 0, '7'),
('46', 0, '1'),
('460', 0, '2'),
('4600', 0, '7'),
('4601', 0, '7'),
('4602', 0, '7'),
('4603', 0, '7'),
('4604', 0, '7'),
('4605', 0, '7'),
('4606', 0, '7'),
('4607', 0, '7'),
('4608', 0, '7'),
('4609', 0, '7'),
('461', 0, '2'),
('4610', 0, '7'),
('4611', 0, '7'),
('4612', 0, '7'),
('4613', 0, '7'),
('4614', 0, '7'),
('4615', 0, '7'),
('4616', 0, '7'),
('4617', 0, '7'),
('4618', 0, '7'),
('4619', 0, '7'),
('462', 0, '2'),
('4620', 0, '7'),
('4621', 0, '7'),
('4622', 0, '7'),
('4623', 0, '7'),
('4624', 0, '7'),
('4625', 0, '7'),
('4626', 0, '7'),
('4627', 0, '7'),
('4628', 0, '7'),
('4629', 0, '7'),
('463', 0, '2'),
('4630', 0, '7'),
('4631', 0, '7'),
('4632', 0, '7'),
('4633', 0, '7'),
('4634', 0, '7'),
('4635', 0, '7'),
('4636', 0, '7'),
('4637', 0, '7'),
('4638', 0, '7'),
('4639', 0, '7'),
('464', 0, '2'),
('4640', 0, '7'),
('4641', 0, '7'),
('4642', 0, '7'),
('4643', 0, '7'),
('4644', 0, '7'),
('4645', 0, '7'),
('4646', 0, '7'),
('4647', 0, '7'),
('4648', 0, '7'),
('4649', 0, '7'),
('465', 0, '2'),
('4650', 0, '7'),
('4651', 0, '7'),
('4652', 0, '7'),
('4653', 0, '7'),
('4654', 0, '7'),
('4655', 0, '7'),
('4656', 0, '7'),
('4657', 0, '7'),
('4658', 0, '7'),
('4659', 0, '7'),
('466', 0, '2'),
('4660', 0, '7'),
('4661', 0, '7'),
('4662', 0, '7'),
('4663', 0, '7'),
('4664', 0, '7'),
('4665', 0, '7'),
('4666', 0, '7'),
('4667', 0, '7'),
('4668', 0, '7'),
('4669', 0, '7'),
('467', 0, '2'),
('4670', 0, '7'),
('4671', 0, '7'),
('4672', 0, '7'),
('4673', 0, '7'),
('4674', 0, '7'),
('4675', 0, '7'),
('4676', 0, '7'),
('4677', 0, '7'),
('4678', 0, '7'),
('4679', 0, '7'),
('468', 0, '2'),
('4680', 0, '7'),
('4681', 0, '7'),
('4682', 0, '7'),
('4683', 0, '7'),
('4684', 0, '7'),
('4685', 0, '7'),
('4686', 0, '7'),
('4687', 0, '7'),
('4688', 0, '7'),
('4689', 0, '7'),
('469', 0, '2'),
('4690', 0, '7'),
('4691', 0, '7'),
('4692', 0, '7'),
('4693', 0, '7'),
('4694', 0, '7'),
('4695', 0, '7'),
('4696', 0, '7'),
('4697', 0, '7'),
('4698', 0, '7'),
('4699', 0, '7'),
('47', 0, '1'),
('470', 0, '2'),
('4700', 0, '7'),
('4701', 0, '7'),
('4702', 0, '7'),
('4703', 0, '7'),
('4704', 0, '7'),
('4705', 0, '7'),
('4706', 0, '7'),
('4707', 0, '7'),
('4708', 0, '7'),
('4709', 0, '7'),
('471', 0, '2'),
('4710', 0, '7'),
('4711', 0, '7'),
('4712', 0, '7'),
('4713', 0, '7'),
('4714', 0, '7'),
('4715', 0, '7'),
('4716', 0, '7'),
('4717', 0, '7'),
('4718', 0, '7'),
('4719', 0, '7'),
('472', 0, '2'),
('4720', 0, '7'),
('4721', 0, '7'),
('4722', 0, '7'),
('4723', 0, '7'),
('4724', 0, '7'),
('4725', 0, '7'),
('4726', 0, '7'),
('4727', 0, '7'),
('4728', 0, '7'),
('4729', 0, '7'),
('473', 0, '2'),
('4730', 0, '7'),
('4731', 0, '7'),
('4732', 0, '7'),
('4733', 0, '7'),
('4734', 0, '7'),
('4735', 0, '7'),
('4736', 0, '7'),
('4737', 0, '7'),
('4738', 0, '7'),
('4739', 0, '7'),
('474', 0, '2'),
('4740', 0, '7'),
('4741', 0, '7'),
('4742', 0, '7'),
('4743', 0, '7'),
('4744', 0, '7'),
('4745', 0, '7'),
('4746', 0, '7'),
('4747', 0, '7'),
('4748', 0, '7'),
('4749', 0, '7'),
('475', 0, '2'),
('4750', 0, '7'),
('4751', 0, '7'),
('4752', 0, '7'),
('4753', 0, '7'),
('4754', 0, '7'),
('4755', 0, '7'),
('4756', 0, '7'),
('4757', 0, '7'),
('4758', 0, '7'),
('4759', 0, '7'),
('476', 0, '2'),
('4760', 0, '7'),
('4761', 0, '7'),
('4762', 0, '7'),
('4763', 0, '7'),
('4764', 0, '7'),
('4765', 0, '7'),
('4766', 0, '7'),
('4767', 0, '7'),
('4768', 0, '7'),
('4769', 0, '7'),
('477', 0, '2'),
('4770', 0, '7'),
('4771', 0, '7'),
('4772', 0, '7'),
('4773', 0, '7'),
('4774', 0, '7'),
('4775', 0, '7'),
('4776', 0, '7'),
('4777', 0, '7'),
('4778', 0, '7'),
('4779', 0, '7'),
('478', 0, '2'),
('4780', 0, '7'),
('4781', 0, '7'),
('4782', 0, '7'),
('4783', 0, '7'),
('4784', 0, '7'),
('4785', 0, '7'),
('4786', 0, '7'),
('4787', 0, '7'),
('4788', 0, '7'),
('4789', 0, '7'),
('479', 0, '2'),
('4790', 0, '7'),
('4791', 0, '7'),
('4792', 0, '7'),
('4793', 0, '7'),
('4794', 0, '7'),
('4795', 0, '7'),
('4796', 0, '7'),
('4797', 0, '7'),
('4798', 0, '7'),
('4799', 0, '7'),
('48', 0, '1'),
('480', 0, '2'),
('4800', 0, '7'),
('4801', 0, '7'),
('4802', 0, '7'),
('4803', 0, '7'),
('4804', 0, '7'),
('4805', 0, '7'),
('4806', 0, '7'),
('4807', 0, '7'),
('4808', 0, '7'),
('4809', 0, '7'),
('481', 0, '2'),
('4810', 0, '7'),
('4811', 0, '7'),
('4812', 0, '7'),
('4813', 0, '7'),
('4814', 0, '7'),
('4815', 0, '7'),
('4816', 0, '7'),
('4817', 0, '7'),
('4818', 0, '7'),
('4819', 0, '7'),
('482', 0, '2'),
('4820', 0, '7'),
('4821', 0, '7'),
('4822', 0, '7'),
('4823', 0, '7'),
('4824', 0, '7'),
('4825', 0, '7'),
('4826', 0, '7'),
('4827', 0, '7'),
('4828', 0, '7'),
('4829', 0, '7'),
('483', 0, '2'),
('4830', 0, '7'),
('4831', 0, '7'),
('4832', 0, '7'),
('4833', 0, '7'),
('4834', 0, '7'),
('4835', 0, '7'),
('4836', 0, '7'),
('4837', 0, '7'),
('4838', 0, '7'),
('4839', 0, '7'),
('484', 0, '2'),
('4840', 0, '7'),
('4841', 0, '7'),
('4842', 0, '7'),
('4843', 0, '7'),
('4844', 0, '7'),
('4845', 0, '7'),
('4846', 0, '7'),
('4847', 0, '7'),
('4848', 0, '7'),
('4849', 0, '7'),
('485', 0, '2'),
('4850', 0, '7'),
('4851', 0, '7'),
('4852', 0, '7'),
('4853', 0, '7'),
('4854', 0, '7'),
('4855', 0, '7'),
('4856', 0, '7'),
('4857', 0, '7'),
('4858', 0, '7'),
('4859', 0, '7'),
('486', 0, '2'),
('4860', 0, '7'),
('4861', 0, '7'),
('4862', 0, '7'),
('4863', 0, '7'),
('4864', 0, '7'),
('4865', 0, '7'),
('4866', 0, '7'),
('4867', 0, '7'),
('4868', 0, '7'),
('4869', 0, '7'),
('487', 0, '2'),
('4870', 0, '7'),
('4871', 0, '7'),
('4872', 0, '7'),
('4873', 0, '7'),
('4874', 0, '7'),
('4875', 0, '7'),
('4876', 0, '7'),
('4877', 0, '7'),
('4878', 0, '7'),
('4879', 0, '7'),
('488', 0, '2'),
('4880', 0, '7'),
('4881', 0, '7'),
('4882', 0, '7'),
('4883', 0, '7'),
('4884', 0, '7'),
('4885', 0, '7'),
('4886', 0, '7'),
('4887', 0, '7'),
('4888', 0, '7'),
('4889', 0, '7'),
('489', 0, '2'),
('4890', 0, '7'),
('4891', 0, '7'),
('4892', 0, '7'),
('4893', 0, '7'),
('4894', 0, '7'),
('4895', 0, '7'),
('4896', 0, '7'),
('4897', 0, '7'),
('4898', 0, '7'),
('4899', 0, '7'),
('49', 0, '1'),
('490', 0, '2'),
('4900', 0, '7'),
('4901', 0, '7'),
('4902', 0, '7'),
('4903', 0, '7'),
('4904', 0, '7'),
('4905', 0, '7'),
('4906', 0, '7'),
('4907', 0, '7'),
('4908', 0, '7'),
('4909', 0, '7'),
('491', 0, '2'),
('4910', 0, '7'),
('4911', 0, '7'),
('4912', 0, '7'),
('4913', 0, '7'),
('4914', 0, '7'),
('4915', 0, '7'),
('4916', 0, '7'),
('4917', 0, '7'),
('4918', 0, '7'),
('4919', 0, '7'),
('492', 0, '2'),
('4920', 0, '7'),
('4921', 0, '7'),
('4922', 0, '7'),
('4923', 0, '7'),
('4924', 0, '7'),
('4925', 0, '7'),
('4926', 0, '7'),
('4927', 0, '7'),
('4928', 0, '7'),
('4929', 0, '7'),
('493', 0, '2'),
('4930', 0, '7'),
('4931', 0, '7'),
('4932', 0, '7'),
('4933', 0, '7'),
('4934', 0, '7'),
('4935', 0, '7'),
('4936', 0, '7'),
('4937', 0, '7'),
('4938', 0, '7'),
('4939', 0, '7'),
('494', 0, '2'),
('4940', 0, '7'),
('4941', 0, '7'),
('4942', 0, '7'),
('4943', 0, '7'),
('4944', 0, '7'),
('4945', 0, '7'),
('4946', 0, '7'),
('4947', 0, '7'),
('4948', 0, '7'),
('4949', 0, '7'),
('495', 0, '2'),
('4950', 0, '7'),
('4951', 0, '7'),
('4952', 0, '7'),
('4953', 0, '7'),
('4954', 0, '7'),
('4955', 0, '7'),
('4956', 0, '7'),
('4957', 0, '7'),
('4958', 0, '7'),
('4959', 0, '7'),
('496', 0, '2'),
('4960', 0, '7'),
('4961', 0, '7'),
('4962', 0, '7'),
('4963', 0, '7'),
('4964', 0, '7'),
('4965', 0, '7'),
('4966', 0, '7'),
('4967', 0, '7'),
('4968', 0, '7'),
('4969', 0, '7'),
('497', 0, '2'),
('4970', 0, '7'),
('4971', 0, '7'),
('4972', 0, '7'),
('4973', 0, '7'),
('4974', 0, '7'),
('4975', 0, '7'),
('4976', 0, '7'),
('4977', 0, '7'),
('4978', 0, '7'),
('4979', 0, '7'),
('498', 0, '2'),
('4980', 0, '7'),
('4981', 0, '7'),
('4982', 0, '7'),
('4983', 0, '7'),
('4984', 0, '7'),
('4985', 0, '7'),
('4986', 0, '7'),
('4987', 0, '7'),
('4988', 0, '7'),
('4989', 0, '7'),
('499', 0, '2'),
('4990', 0, '7'),
('4991', 0, '7'),
('4992', 0, '7'),
('4993', 0, '7'),
('4994', 0, '7'),
('4995', 0, '7'),
('4996', 0, '7'),
('4997', 0, '7'),
('4998', 0, '7'),
('4999', 0, '7'),
('5', 0, '1'),
('50', 0, '1'),
('500', 0, '2'),
('5000', 0, '7'),
('5001', 0, '7'),
('5002', 0, '7'),
('5003', 0, '7'),
('5004', 0, '7'),
('5005', 0, '7'),
('5006', 0, '7'),
('5007', 0, '7'),
('5008', 0, '7'),
('5009', 0, '7'),
('501', 0, '2'),
('5010', 0, '7'),
('5011', 0, '7'),
('5012', 0, '7'),
('5013', 0, '7'),
('5014', 0, '7'),
('5015', 0, '7'),
('5016', 0, '7'),
('5017', 0, '7'),
('5018', 0, '7'),
('5019', 0, '7'),
('502', 0, '2'),
('5020', 0, '7'),
('5021', 0, '7'),
('5022', 0, '7'),
('5023', 0, '7'),
('5024', 0, '7'),
('5025', 0, '7'),
('5026', 0, '7'),
('5027', 0, '7'),
('5028', 0, '7'),
('5029', 0, '7'),
('503', 0, '2'),
('5030', 0, '7'),
('5031', 0, '7'),
('5032', 0, '7'),
('5033', 0, '7'),
('5034', 0, '7'),
('5035', 0, '7'),
('5036', 0, '7'),
('5037', 0, '7'),
('5038', 0, '7'),
('5039', 0, '7'),
('504', 0, '2'),
('5040', 0, '7'),
('5041', 0, '7'),
('5042', 0, '7'),
('5043', 0, '7'),
('5044', 0, '7'),
('5045', 0, '7'),
('5046', 0, '7'),
('5047', 0, '7'),
('5048', 0, '7'),
('5049', 0, '7'),
('505', 0, '2'),
('5050', 0, '7'),
('5051', 0, '7'),
('5052', 0, '7'),
('5053', 0, '7'),
('5054', 0, '7'),
('5055', 0, '7'),
('5056', 0, '7'),
('5057', 0, '7'),
('5058', 0, '7'),
('5059', 0, '7'),
('506', 0, '2'),
('5060', 0, '7'),
('5061', 0, '7'),
('5062', 0, '7'),
('5063', 0, '7'),
('5064', 0, '7'),
('5065', 0, '7'),
('5066', 0, '7'),
('5067', 0, '7'),
('5068', 0, '7'),
('5069', 0, '7'),
('507', 0, '2'),
('5070', 0, '7'),
('5071', 0, '7'),
('5072', 0, '7'),
('5073', 0, '7'),
('5074', 0, '7'),
('5075', 0, '7'),
('5076', 0, '7'),
('5077', 0, '7'),
('5078', 0, '7'),
('5079', 0, '7'),
('508', 0, '2'),
('5080', 0, '7'),
('5081', 0, '7'),
('5082', 0, '7'),
('5083', 0, '7'),
('5084', 0, '7'),
('5085', 0, '7'),
('5086', 0, '7'),
('5087', 0, '7'),
('5088', 0, '7'),
('5089', 0, '7'),
('509', 0, '2'),
('5090', 0, '7'),
('5091', 0, '7'),
('5092', 0, '7'),
('5093', 0, '7'),
('5094', 0, '7'),
('5095', 0, '7'),
('5096', 0, '7'),
('5097', 0, '7'),
('5098', 0, '7'),
('5099', 0, '7'),
('51', 0, '1'),
('510', 0, '2'),
('5100', 0, '7'),
('5101', 0, '7'),
('5102', 0, '7'),
('5103', 0, '7'),
('5104', 0, '7'),
('5105', 0, '7'),
('5106', 0, '7'),
('5107', 0, '7'),
('5108', 0, '7'),
('5109', 0, '7'),
('511', 0, '2'),
('5110', 0, '7'),
('5111', 0, '7'),
('5112', 0, '7'),
('5113', 0, '7'),
('5114', 0, '7'),
('5115', 0, '7'),
('5116', 0, '7'),
('5117', 0, '7'),
('5118', 0, '7'),
('5119', 0, '7'),
('512', 0, '2'),
('5120', 0, '7'),
('5121', 0, '7'),
('5122', 0, '7'),
('5123', 0, '7'),
('5124', 0, '7'),
('5125', 0, '7'),
('5126', 0, '7'),
('5127', 0, '7'),
('5128', 0, '7'),
('5129', 0, '7'),
('513', 0, '2'),
('5130', 0, '7'),
('5131', 0, '7'),
('5132', 0, '7'),
('5133', 0, '7'),
('5134', 0, '7'),
('5135', 0, '7'),
('5136', 0, '7'),
('5137', 0, '7'),
('5138', 0, '7'),
('5139', 0, '7'),
('514', 0, '2'),
('5140', 0, '7'),
('5141', 0, '7'),
('5142', 0, '7'),
('5143', 0, '7'),
('5144', 0, '7'),
('5145', 0, '7'),
('5146', 0, '7'),
('5147', 0, '7'),
('5148', 0, '7'),
('5149', 0, '7'),
('515', 0, '2'),
('5150', 0, '7'),
('5151', 0, '7'),
('5152', 0, '7'),
('5153', 0, '7'),
('5154', 0, '7'),
('5155', 0, '7'),
('5156', 0, '7'),
('5157', 0, '7'),
('5158', 0, '7'),
('5159', 0, '7'),
('516', 0, '2'),
('5160', 0, '7'),
('5161', 0, '7'),
('5162', 0, '7'),
('5163', 0, '7'),
('5164', 0, '7'),
('5165', 0, '7'),
('5166', 0, '7'),
('5167', 0, '7'),
('5168', 0, '7'),
('5169', 0, '7'),
('517', 0, '2'),
('5170', 0, '7'),
('5171', 0, '7'),
('5172', 0, '7'),
('5173', 0, '7'),
('5174', 0, '7'),
('5175', 0, '7'),
('5176', 0, '7'),
('5177', 0, '7'),
('5178', 0, '7'),
('5179', 0, '7'),
('518', 0, '2'),
('5180', 0, '7'),
('5181', 0, '7'),
('5182', 0, '7'),
('5183', 0, '7'),
('5184', 0, '7'),
('5185', 0, '7'),
('5186', 0, '7'),
('5187', 0, '7'),
('5188', 0, '7'),
('5189', 0, '7'),
('519', 0, '2'),
('5190', 0, '7'),
('5191', 0, '7'),
('5192', 0, '7'),
('5193', 0, '7'),
('5194', 0, '7'),
('5195', 0, '7'),
('5196', 0, '7'),
('5197', 0, '7'),
('5198', 0, '7'),
('5199', 0, '7'),
('52', 0, '1'),
('520', 0, '2'),
('5200', 0, '7'),
('5201', 0, '7'),
('5202', 0, '7'),
('5203', 0, '7'),
('5204', 0, '7'),
('5205', 0, '7'),
('5206', 0, '7'),
('5207', 0, '7'),
('5208', 0, '7'),
('5209', 0, '7'),
('521', 0, '2'),
('5210', 0, '7'),
('5211', 0, '7'),
('5212', 0, '7'),
('5213', 0, '7'),
('5214', 0, '7'),
('5215', 0, '7'),
('5216', 0, '7'),
('5217', 0, '7'),
('5218', 0, '7'),
('5219', 0, '7'),
('522', 0, '2'),
('5220', 0, '7'),
('5221', 0, '7'),
('5222', 0, '7'),
('5223', 0, '7'),
('5224', 0, '7'),
('5225', 0, '7'),
('5226', 0, '7'),
('5227', 0, '7'),
('5228', 0, '7'),
('5229', 0, '7'),
('523', 0, '2'),
('5230', 0, '7'),
('5231', 0, '7'),
('5232', 0, '7'),
('5233', 0, '7'),
('5234', 0, '7'),
('5235', 0, '7'),
('5236', 0, '7'),
('5237', 0, '7'),
('5238', 0, '7'),
('5239', 0, '7'),
('524', 0, '2'),
('5240', 0, '7'),
('5241', 0, '7'),
('5242', 0, '7'),
('5243', 0, '7'),
('5244', 0, '7'),
('5245', 0, '7'),
('5246', 0, '7'),
('5247', 0, '7'),
('5248', 0, '7'),
('5249', 0, '7'),
('525', 0, '2'),
('5250', 0, '7'),
('5251', 0, '7'),
('5252', 0, '7'),
('5253', 0, '7'),
('5254', 0, '7'),
('5255', 0, '7'),
('5256', 0, '7'),
('5257', 0, '7'),
('5258', 0, '7'),
('5259', 0, '7'),
('526', 0, '2'),
('5260', 0, '7'),
('5261', 0, '7'),
('5262', 0, '7'),
('5263', 0, '7'),
('5264', 0, '7'),
('5265', 0, '7'),
('5266', 0, '7'),
('5267', 0, '7'),
('5268', 0, '7'),
('5269', 0, '7'),
('527', 0, '2'),
('5270', 0, '7'),
('5271', 0, '7'),
('5272', 0, '7'),
('5273', 0, '7'),
('5274', 0, '7'),
('5275', 0, '7'),
('5276', 0, '7'),
('5277', 0, '7'),
('5278', 0, '7'),
('5279', 0, '7'),
('528', 0, '2'),
('5280', 0, '7'),
('5281', 0, '7'),
('5282', 0, '7'),
('5283', 0, '7'),
('5284', 0, '7'),
('5285', 0, '7'),
('5286', 0, '7'),
('5287', 0, '7'),
('5288', 0, '7'),
('5289', 0, '7'),
('529', 0, '2'),
('5290', 0, '7'),
('5291', 0, '7'),
('5292', 0, '7'),
('5293', 0, '7'),
('5294', 0, '7'),
('5295', 0, '7'),
('5296', 0, '7'),
('5297', 0, '7'),
('5298', 0, '7'),
('5299', 0, '7'),
('53', 0, '1'),
('530', 0, '2'),
('5300', 0, '7'),
('5301', 0, '7'),
('5302', 0, '7'),
('5303', 0, '7'),
('5304', 0, '7'),
('5305', 0, '7'),
('5306', 0, '7'),
('5307', 0, '7'),
('5308', 0, '7'),
('5309', 0, '7'),
('531', 0, '2'),
('5310', 0, '7'),
('5311', 0, '7'),
('5312', 0, '7'),
('5313', 0, '7'),
('5314', 0, '7'),
('5315', 0, '7'),
('5316', 0, '7'),
('5317', 0, '7'),
('5318', 0, '7'),
('5319', 0, '7'),
('532', 0, '2'),
('5320', 0, '7'),
('5321', 0, '7'),
('5322', 0, '7'),
('5323', 0, '7'),
('5324', 0, '7'),
('5325', 0, '7'),
('5326', 0, '7'),
('5327', 0, '7'),
('5328', 0, '7'),
('5329', 0, '7'),
('533', 0, '2'),
('5330', 0, '7'),
('5331', 0, '7'),
('5332', 0, '7'),
('5333', 0, '7'),
('5334', 0, '7'),
('5335', 0, '7'),
('5336', 0, '7'),
('5337', 0, '7'),
('5338', 0, '7'),
('5339', 0, '7'),
('534', 0, '2'),
('5340', 0, '7'),
('5341', 0, '7'),
('5342', 0, '7'),
('5343', 0, '7'),
('5344', 1, '7'),
('5345', 1, '7'),
('5346', 1, '7'),
('5347', 1, '7'),
('5348', 1, '7'),
('5349', 1, '7'),
('535', 0, '2'),
('5350', 1, '7'),
('5351', 1, '7'),
('5352', 1, '7'),
('5353', 1, '7'),
('5354', 1, '7'),
('5355', 1, '7'),
('5356', 1, '7'),
('5357', 1, '7'),
('5358', 1, '7'),
('5359', 1, '7'),
('536', 0, '2'),
('5360', 1, '7'),
('5361', 1, '7'),
('5362', 1, '7'),
('5363', 1, '7'),
('5364', 0, '8'),
('5365', 0, '8'),
('5366', 0, '8'),
('5367', 0, '8'),
('5368', 0, '8'),
('5369', 0, '8'),
('537', 0, '2'),
('5370', 0, '8'),
('5371', 0, '8'),
('5372', 0, '8'),
('5373', 0, '8'),
('5374', 0, '8'),
('5375', 0, '8'),
('5376', 0, '8'),
('5377', 0, '8'),
('5378', 0, '8'),
('5379', 0, '8'),
('538', 0, '2'),
('5380', 0, '8'),
('5381', 0, '8'),
('5382', 0, '8'),
('5383', 0, '8'),
('5384', 0, '8'),
('5385', 0, '8'),
('5386', 0, '8'),
('5387', 0, '8'),
('5388', 0, '8'),
('5389', 0, '8'),
('539', 0, '2'),
('5390', 0, '8'),
('5391', 0, '8'),
('5392', 0, '8'),
('5393', 0, '8'),
('5394', 0, '8'),
('5395', 0, '8'),
('5396', 0, '8'),
('5397', 0, '8'),
('5398', 0, '8'),
('5399', 0, '8'),
('54', 0, '1'),
('540', 0, '2'),
('5400', 0, '8'),
('5401', 0, '8'),
('5402', 0, '8'),
('5403', 0, '8'),
('5404', 0, '8'),
('5405', 0, '8'),
('5406', 0, '8'),
('5407', 0, '8'),
('5408', 0, '8'),
('5409', 0, '8'),
('541', 0, '2'),
('5410', 0, '8'),
('5411', 0, '8'),
('5412', 0, '8'),
('5413', 0, '8'),
('5414', 0, '8'),
('5415', 0, '8'),
('5416', 0, '8'),
('5417', 0, '8'),
('5418', 0, '8'),
('5419', 0, '8'),
('542', 0, '2'),
('5420', 0, '8'),
('5421', 0, '8'),
('5422', 0, '8'),
('5423', 0, '8'),
('5424', 0, '8'),
('5425', 0, '8'),
('5426', 0, '8'),
('5427', 0, '8'),
('5428', 0, '8'),
('5429', 0, '8'),
('543', 0, '2'),
('5430', 0, '8'),
('5431', 0, '8'),
('5432', 0, '8'),
('5433', 0, '8'),
('5434', 0, '8'),
('5435', 0, '8'),
('5436', 0, '8'),
('5437', 0, '8'),
('5438', 0, '8'),
('5439', 0, '8'),
('544', 0, '2'),
('5440', 0, '8'),
('5441', 0, '8'),
('5442', 0, '8'),
('5443', 0, '8'),
('5444', 0, '8'),
('5445', 0, '8'),
('5446', 0, '8'),
('5447', 0, '8'),
('5448', 0, '8'),
('5449', 0, '8'),
('545', 0, '2'),
('5450', 0, '8'),
('5451', 0, '8'),
('5452', 0, '8'),
('5453', 0, '8'),
('5454', 0, '8'),
('5455', 0, '8'),
('5456', 0, '8'),
('5457', 0, '8'),
('5458', 0, '8'),
('5459', 0, '8'),
('546', 0, '2'),
('5460', 0, '8'),
('5461', 0, '8'),
('5462', 0, '8'),
('5463', 0, '8'),
('5464', 0, '8'),
('5465', 0, '8'),
('5466', 0, '8'),
('5467', 0, '8'),
('5468', 0, '8'),
('5469', 0, '8'),
('547', 0, '2'),
('5470', 0, '8'),
('5471', 0, '8'),
('5472', 0, '8'),
('5473', 0, '8'),
('5474', 0, '8'),
('5475', 0, '8'),
('5476', 0, '8'),
('5477', 0, '8'),
('5478', 0, '8'),
('5479', 0, '8'),
('548', 0, '2'),
('5480', 0, '8'),
('5481', 0, '8'),
('5482', 0, '8'),
('5483', 0, '8'),
('5484', 0, '8'),
('5485', 0, '8'),
('5486', 0, '8'),
('5487', 0, '8'),
('5488', 0, '8'),
('5489', 0, '8'),
('549', 0, '2'),
('5490', 0, '8'),
('5491', 0, '8'),
('5492', 0, '8'),
('5493', 0, '8'),
('5494', 0, '8'),
('5495', 0, '8'),
('5496', 0, '8'),
('5497', 0, '8'),
('5498', 0, '8'),
('5499', 0, '8'),
('55', 0, '1'),
('550', 0, '2'),
('5500', 0, '8'),
('5501', 0, '8'),
('5502', 0, '8'),
('5503', 0, '8'),
('5504', 0, '8'),
('5505', 0, '8'),
('5506', 0, '8'),
('5507', 0, '8'),
('5508', 0, '8'),
('5509', 0, '8'),
('551', 0, '2'),
('5510', 0, '8'),
('5511', 0, '8'),
('5512', 0, '8'),
('5513', 0, '8'),
('5514', 0, '8'),
('5515', 0, '8'),
('5516', 0, '8'),
('5517', 0, '8'),
('5518', 0, '8'),
('5519', 0, '8'),
('552', 0, '2'),
('5520', 0, '8'),
('5521', 0, '8'),
('5522', 0, '8'),
('5523', 0, '8'),
('5524', 0, '8'),
('5525', 0, '8'),
('5526', 0, '8'),
('5527', 0, '8'),
('5528', 0, '8'),
('5529', 0, '8'),
('553', 0, '2'),
('5530', 0, '8'),
('5531', 0, '8'),
('5532', 0, '8'),
('5533', 0, '8'),
('5534', 0, '8'),
('5535', 0, '8'),
('5536', 0, '8'),
('5537', 0, '8'),
('5538', 0, '8'),
('5539', 0, '8'),
('554', 0, '2'),
('5540', 0, '8'),
('5541', 0, '8'),
('5542', 0, '8'),
('5543', 0, '8'),
('5544', 0, '8'),
('5545', 0, '8'),
('5546', 0, '8'),
('5547', 0, '8'),
('5548', 0, '8'),
('5549', 0, '8'),
('555', 0, '2'),
('5550', 0, '8'),
('5551', 0, '8'),
('5552', 0, '8'),
('5553', 0, '8'),
('5554', 0, '8'),
('5555', 0, '8'),
('5556', 0, '8'),
('5557', 0, '8'),
('5558', 0, '8'),
('5559', 0, '8'),
('556', 0, '2'),
('5560', 0, '8'),
('5561', 0, '8'),
('5562', 0, '8'),
('5563', 0, '8'),
('5564', 0, '8'),
('5565', 0, '8'),
('5566', 0, '8'),
('5567', 0, '8'),
('5568', 0, '8'),
('5569', 0, '8'),
('557', 0, '2'),
('5570', 0, '8'),
('5571', 0, '8'),
('5572', 0, '8'),
('5573', 0, '8'),
('5574', 0, '8'),
('5575', 0, '8'),
('5576', 0, '8'),
('5577', 0, '8'),
('5578', 0, '8'),
('5579', 0, '8'),
('558', 0, '2'),
('5580', 0, '8'),
('5581', 0, '8'),
('5582', 0, '8'),
('5583', 0, '8'),
('5584', 0, '8'),
('5585', 0, '8'),
('5586', 0, '8'),
('5587', 0, '8'),
('5588', 0, '8'),
('5589', 0, '8'),
('559', 0, '2'),
('5590', 0, '8'),
('5591', 0, '8'),
('5592', 0, '8'),
('5593', 0, '8'),
('5594', 0, '8'),
('5595', 0, '8'),
('5596', 0, '8'),
('5597', 0, '8'),
('5598', 0, '8'),
('5599', 0, '8'),
('56', 0, '1'),
('560', 0, '2'),
('5600', 0, '8'),
('5601', 0, '8'),
('5602', 0, '8'),
('5603', 0, '8'),
('5604', 0, '8'),
('5605', 0, '8'),
('5606', 1, '8'),
('5607', 1, '8'),
('5608', 1, '8'),
('5609', 1, '8'),
('561', 0, '2'),
('5610', 1, '8'),
('5611', 1, '8'),
('5612', 0, '9'),
('5613', 0, '9'),
('5614', 0, '9'),
('5615', 0, '9'),
('5616', 0, '9'),
('5617', 0, '9'),
('5618', 0, '9'),
('5619', 0, '9'),
('562', 0, '2'),
('5620', 0, '9'),
('5621', 0, '9'),
('5622', 0, '9'),
('5623', 0, '9'),
('5624', 0, '9'),
('5625', 0, '9'),
('5626', 0, '9'),
('5627', 0, '9'),
('5628', 0, '9'),
('5629', 0, '9'),
('563', 0, '2'),
('5630', 0, '9'),
('5631', 0, '9'),
('5632', 0, '9'),
('5633', 0, '9'),
('5634', 0, '9'),
('5635', 0, '9'),
('5636', 0, '9'),
('5637', 0, '9'),
('5638', 0, '9'),
('5639', 0, '9'),
('564', 0, '2'),
('5640', 0, '9'),
('5641', 0, '9'),
('5642', 0, '9'),
('5643', 0, '9'),
('5644', 0, '9'),
('5645', 0, '9'),
('5646', 0, '9'),
('5647', 0, '9'),
('5648', 0, '9'),
('5649', 0, '9'),
('565', 0, '2'),
('5650', 0, '9'),
('5651', 0, '9'),
('5652', 0, '9'),
('5653', 0, '9'),
('5654', 0, '9'),
('5655', 0, '9'),
('5656', 0, '9'),
('5657', 0, '9'),
('5658', 0, '9'),
('5659', 0, '9'),
('566', 0, '2'),
('5660', 0, '9'),
('5661', 0, '9'),
('5662', 0, '9'),
('5663', 0, '9'),
('5664', 0, '9'),
('5665', 0, '9'),
('5666', 0, '9'),
('5667', 0, '9'),
('5668', 0, '9'),
('5669', 0, '9'),
('567', 0, '2'),
('5670', 0, '9'),
('5671', 0, '9'),
('5672', 0, '9'),
('5673', 0, '9'),
('5674', 0, '9'),
('5675', 0, '9'),
('5676', 0, '9'),
('5677', 0, '9'),
('5678', 0, '9'),
('5679', 0, '9'),
('568', 0, '2'),
('5680', 0, '9'),
('5681', 0, '9'),
('5682', 0, '9'),
('5683', 0, '9'),
('5684', 0, '9'),
('5685', 0, '9'),
('5686', 0, '9'),
('5687', 0, '9'),
('5688', 0, '9'),
('5689', 0, '9'),
('569', 0, '2'),
('5690', 0, '9'),
('5691', 0, '9'),
('5692', 0, '9'),
('5693', 0, '9'),
('5694', 0, '9'),
('5695', 0, '9'),
('5696', 0, '9'),
('5697', 0, '9'),
('5698', 0, '9'),
('5699', 0, '9'),
('57', 0, '1'),
('570', 0, '2'),
('5700', 0, '9'),
('5701', 0, '9'),
('5702', 0, '9'),
('5703', 0, '9'),
('5704', 0, '9'),
('5705', 0, '9'),
('5706', 0, '9'),
('5707', 0, '9'),
('5708', 0, '9'),
('5709', 0, '9'),
('571', 0, '2'),
('5710', 0, '9'),
('5711', 0, '9'),
('5712', 0, '9'),
('5713', 0, '9'),
('5714', 0, '9'),
('5715', 0, '9'),
('5716', 0, '9'),
('5717', 0, '9'),
('5718', 0, '9'),
('5719', 0, '9'),
('572', 0, '2'),
('5720', 0, '9'),
('5721', 0, '9'),
('5722', 0, '9'),
('5723', 0, '9'),
('5724', 0, '9'),
('5725', 0, '9'),
('5726', 0, '9'),
('5727', 0, '9'),
('5728', 0, '9'),
('5729', 0, '9'),
('573', 0, '2'),
('5730', 0, '9'),
('5731', 0, '9'),
('5732', 0, '9'),
('5733', 0, '9'),
('5734', 0, '9'),
('5735', 0, '9'),
('5736', 0, '9'),
('5737', 0, '9'),
('5738', 0, '9'),
('5739', 0, '9'),
('574', 0, '2'),
('5740', 0, '9'),
('5741', 0, '9'),
('5742', 0, '9'),
('5743', 0, '9'),
('5744', 0, '9'),
('5745', 0, '9'),
('5746', 0, '9'),
('5747', 0, '9'),
('5748', 0, '9'),
('5749', 0, '9'),
('575', 0, '2'),
('5750', 0, '9'),
('5751', 0, '9'),
('5752', 0, '9'),
('5753', 0, '9'),
('5754', 0, '9'),
('5755', 0, '9'),
('5756', 0, '9'),
('5757', 0, '9'),
('5758', 0, '9'),
('5759', 0, '9'),
('576', 0, '2'),
('5760', 0, '9'),
('5761', 0, '9'),
('5762', 0, '9'),
('5763', 0, '9'),
('5764', 0, '9'),
('5765', 0, '9'),
('5766', 0, '9'),
('5767', 0, '9'),
('5768', 0, '9'),
('5769', 0, '9'),
('577', 0, '2'),
('5770', 0, '9'),
('5771', 0, '9'),
('5772', 0, '9'),
('5773', 0, '9'),
('5774', 0, '9'),
('5775', 0, '9'),
('5776', 0, '9'),
('5777', 0, '9'),
('5778', 0, '9'),
('5779', 0, '9'),
('578', 0, '2'),
('5780', 0, '9'),
('5781', 0, '9'),
('5782', 0, '9'),
('5783', 0, '9'),
('5784', 0, '9'),
('5785', 0, '9'),
('5786', 0, '9'),
('5787', 0, '9'),
('5788', 0, '9'),
('5789', 0, '9'),
('579', 0, '2'),
('5790', 0, '9'),
('5791', 0, '9'),
('5792', 0, '9'),
('5793', 0, '9'),
('5794', 0, '9'),
('5795', 0, '9'),
('5796', 0, '9'),
('5797', 0, '9'),
('5798', 0, '9'),
('5799', 0, '9'),
('58', 0, '1'),
('580', 0, '2'),
('5800', 0, '9'),
('5801', 0, '9'),
('5802', 0, '9'),
('5803', 0, '9'),
('5804', 0, '9'),
('5805', 0, '9'),
('5806', 0, '9'),
('5807', 0, '9'),
('5808', 0, '9'),
('5809', 0, '9'),
('581', 0, '2'),
('5810', 0, '9'),
('5811', 0, '9'),
('5812', 0, '9'),
('5813', 0, '9'),
('5814', 0, '9'),
('5815', 0, '9'),
('5816', 0, '9'),
('5817', 0, '9'),
('5818', 0, '9'),
('5819', 0, '9'),
('582', 0, '2'),
('5820', 0, '9'),
('5821', 0, '9'),
('5822', 0, '9'),
('5823', 0, '9'),
('5824', 0, '9'),
('5825', 0, '9'),
('5826', 0, '9'),
('5827', 0, '9'),
('5828', 0, '9'),
('5829', 0, '9'),
('583', 0, '2'),
('5830', 0, '9'),
('5831', 0, '9'),
('5832', 0, '9'),
('5833', 0, '9'),
('5834', 0, '9'),
('5835', 0, '9'),
('5836', 0, '9'),
('5837', 0, '9'),
('5838', 0, '9'),
('5839', 0, '9'),
('584', 0, '2'),
('5840', 0, '9'),
('5841', 0, '9'),
('5842', 0, '9'),
('5843', 0, '9'),
('5844', 0, '9'),
('5845', 0, '9'),
('5846', 0, '9'),
('5847', 0, '9'),
('5848', 0, '9'),
('5849', 0, '9'),
('585', 0, '2'),
('5850', 0, '9'),
('5851', 0, '9'),
('5852', 0, '9'),
('5853', 0, '9'),
('5854', 0, '9'),
('5855', 0, '9'),
('5856', 0, '9'),
('5857', 0, '9'),
('5858', 0, '9'),
('5859', 0, '9'),
('586', 0, '2'),
('5860', 0, '9'),
('5861', 0, '9'),
('5862', 0, '9'),
('5863', 0, '9'),
('5864', 0, '9'),
('5865', 0, '9'),
('5866', 0, '9'),
('5867', 0, '9'),
('5868', 0, '9'),
('5869', 0, '9'),
('587', 0, '2'),
('5870', 0, '9'),
('5871', 0, '9'),
('5872', 0, '9'),
('5873', 0, '9'),
('5874', 0, '9'),
('5875', 0, '9'),
('5876', 0, '9'),
('5877', 0, '9'),
('5878', 0, '9'),
('5879', 0, '9'),
('588', 0, '2'),
('5880', 0, '9'),
('5881', 0, '9'),
('5882', 0, '9'),
('5883', 0, '9'),
('5884', 0, '9'),
('5885', 0, '9'),
('5886', 0, '9'),
('5887', 0, '9'),
('5888', 0, '9'),
('5889', 0, '9'),
('589', 0, '2'),
('5890', 0, '9'),
('5891', 0, '9'),
('5892', 0, '9'),
('5893', 0, '9'),
('5894', 0, '9'),
('5895', 0, '9'),
('5896', 0, '9'),
('5897', 0, '9'),
('5898', 0, '9'),
('5899', 0, '9'),
('59', 0, '1'),
('590', 0, '2'),
('5900', 0, '9'),
('5901', 0, '9'),
('5902', 0, '9'),
('5903', 0, '9'),
('5904', 0, '9'),
('5905', 0, '9'),
('5906', 0, '9'),
('5907', 0, '9'),
('5908', 0, '9'),
('5909', 0, '9'),
('591', 0, '2'),
('5910', 0, '9'),
('5911', 0, '9'),
('5912', 0, '9'),
('5913', 0, '9'),
('5914', 0, '9'),
('5915', 0, '9'),
('5916', 0, '9'),
('5917', 0, '9'),
('5918', 0, '9'),
('5919', 0, '9'),
('592', 0, '2'),
('5920', 0, '9'),
('5921', 0, '9'),
('5922', 0, '9'),
('5923', 0, '9'),
('5924', 0, '9'),
('5925', 0, '9'),
('5926', 0, '9'),
('5927', 0, '9'),
('5928', 0, '9'),
('5929', 0, '9'),
('593', 0, '2'),
('5930', 0, '9'),
('5931', 0, '9'),
('5932', 0, '9'),
('5933', 0, '9'),
('5934', 0, '9'),
('5935', 0, '9'),
('5936', 0, '9'),
('5937', 0, '9'),
('5938', 0, '9'),
('5939', 0, '9'),
('594', 0, '2'),
('5940', 0, '9'),
('5941', 0, '9'),
('5942', 0, '9'),
('5943', 0, '9'),
('5944', 0, '9'),
('5945', 0, '9'),
('5946', 0, '9'),
('5947', 0, '9'),
('5948', 0, '9'),
('5949', 0, '9'),
('595', 0, '2'),
('5950', 0, '9'),
('5951', 0, '9'),
('5952', 0, '9'),
('5953', 0, '9'),
('5954', 0, '9'),
('5955', 0, '9'),
('5956', 0, '9'),
('5957', 0, '9'),
('5958', 0, '9'),
('5959', 0, '9'),
('596', 0, '2'),
('5960', 0, '9'),
('5961', 0, '9'),
('5962', 0, '9'),
('5963', 0, '9'),
('5964', 0, '9'),
('5965', 0, '9'),
('5966', 0, '9'),
('5967', 0, '9'),
('5968', 0, '9'),
('5969', 0, '9'),
('597', 0, '2'),
('5970', 0, '9'),
('5971', 0, '9'),
('5972', 0, '9'),
('5973', 0, '9'),
('5974', 0, '9'),
('5975', 0, '9'),
('5976', 0, '9'),
('5977', 0, '9'),
('5978', 0, '9'),
('5979', 0, '9'),
('598', 0, '2'),
('5980', 0, '9'),
('5981', 0, '9'),
('5982', 0, '9'),
('5983', 0, '9'),
('5984', 0, '9'),
('5985', 0, '9'),
('5986', 0, '9'),
('5987', 0, '9'),
('5988', 0, '9'),
('5989', 0, '9'),
('599', 0, '2'),
('5990', 0, '9'),
('5991', 0, '9'),
('5992', 0, '9'),
('5993', 0, '9'),
('5994', 0, '9'),
('5995', 0, '9'),
('5996', 0, '9'),
('5997', 0, '9'),
('5998', 0, '9'),
('5999', 0, '9'),
('6', 0, '1'),
('60', 0, '1'),
('600', 0, '2'),
('6000', 0, '9'),
('6001', 0, '9'),
('6002', 0, '9'),
('6003', 0, '9'),
('6004', 0, '9'),
('6005', 0, '9'),
('6006', 0, '9'),
('6007', 0, '9'),
('6008', 0, '9'),
('6009', 0, '9'),
('601', 0, '2'),
('6010', 0, '9'),
('6011', 0, '9'),
('6012', 0, '9'),
('6013', 0, '9'),
('6014', 0, '9'),
('6015', 0, '9'),
('6016', 0, '9'),
('6017', 0, '9'),
('6018', 0, '9'),
('6019', 0, '9'),
('602', 0, '2'),
('6020', 0, '9'),
('6021', 0, '9'),
('6022', 0, '9'),
('6023', 0, '9'),
('6024', 0, '9'),
('6025', 0, '9'),
('6026', 0, '9'),
('6027', 0, '9'),
('6028', 0, '9'),
('6029', 0, '9'),
('603', 0, '2'),
('6030', 0, '9'),
('6031', 0, '9'),
('6032', 0, '9'),
('6033', 0, '9'),
('6034', 0, '9'),
('6035', 0, '9'),
('6036', 0, '9'),
('6037', 0, '9'),
('6038', 0, '9'),
('6039', 0, '9'),
('604', 0, '2'),
('6040', 0, '9'),
('6041', 0, '9'),
('6042', 0, '9'),
('6043', 0, '9'),
('6044', 0, '9'),
('6045', 0, '9'),
('6046', 0, '9'),
('6047', 0, '9'),
('6048', 0, '9'),
('6049', 0, '9'),
('605', 0, '2'),
('6050', 0, '9'),
('6051', 0, '9'),
('6052', 0, '9'),
('6053', 0, '9'),
('6054', 0, '9'),
('6055', 0, '9'),
('6056', 0, '9'),
('6057', 0, '9'),
('6058', 0, '9'),
('6059', 0, '9'),
('606', 0, '2'),
('6060', 0, '9'),
('6061', 0, '9'),
('6062', 0, '9'),
('6063', 0, '9'),
('6064', 0, '9'),
('6065', 0, '9'),
('6066', 0, '9'),
('6067', 0, '9'),
('6068', 0, '9'),
('6069', 0, '9'),
('607', 0, '2'),
('6070', 0, '9'),
('6071', 0, '9'),
('6072', 0, '9'),
('6073', 0, '9'),
('6074', 0, '9'),
('6075', 0, '9'),
('6076', 0, '9'),
('6077', 0, '9'),
('6078', 0, '9'),
('6079', 0, '9'),
('608', 0, '2'),
('6080', 0, '9'),
('6081', 0, '9'),
('6082', 0, '9'),
('6083', 0, '9'),
('6084', 0, '9'),
('6085', 0, '9'),
('6086', 0, '9'),
('6087', 0, '9'),
('6088', 0, '9'),
('6089', 0, '9'),
('609', 0, '2'),
('6090', 0, '9'),
('6091', 0, '9'),
('6092', 0, '9'),
('6093', 0, '9'),
('6094', 0, '9'),
('6095', 0, '9'),
('6096', 0, '9'),
('6097', 0, '9'),
('6098', 0, '9'),
('6099', 0, '9'),
('61', 0, '1'),
('610', 0, '2'),
('6100', 0, '9'),
('6101', 0, '9'),
('6102', 0, '9'),
('6103', 0, '9'),
('6104', 0, '9'),
('6105', 0, '9'),
('6106', 0, '9'),
('6107', 0, '9'),
('6108', 0, '9'),
('6109', 0, '9'),
('611', 0, '2'),
('6110', 0, '9'),
('6111', 0, '9'),
('6112', 0, '9'),
('6113', 0, '9'),
('6114', 0, '9'),
('6115', 0, '9'),
('6116', 0, '9'),
('6117', 0, '9'),
('6118', 0, '9'),
('6119', 0, '9'),
('612', 0, '2'),
('6120', 0, '9'),
('6121', 0, '9'),
('6122', 0, '9'),
('6123', 0, '9'),
('6124', 0, '9'),
('6125', 0, '9'),
('6126', 0, '9'),
('6127', 0, '9'),
('6128', 0, '9'),
('6129', 0, '9'),
('613', 0, '2'),
('6130', 0, '9'),
('6131', 0, '9'),
('6132', 0, '9'),
('6133', 0, '9'),
('6134', 0, '9'),
('6135', 0, '9'),
('6136', 0, '9'),
('6137', 0, '9'),
('6138', 0, '9'),
('6139', 0, '9'),
('614', 0, '2'),
('6140', 0, '9'),
('6141', 0, '9'),
('6142', 0, '9'),
('6143', 0, '9'),
('6144', 0, '9'),
('6145', 0, '9'),
('6146', 0, '9'),
('6147', 0, '9'),
('6148', 0, '9'),
('6149', 0, '9'),
('615', 0, '2'),
('6150', 0, '9'),
('6151', 0, '9'),
('6152', 0, '9'),
('6153', 0, '9'),
('6154', 0, '9'),
('6155', 0, '9'),
('6156', 0, '9'),
('6157', 0, '9'),
('6158', 0, '9'),
('6159', 0, '9'),
('616', 0, '2'),
('6160', 0, '9'),
('6161', 0, '9'),
('6162', 0, '9'),
('6163', 0, '9'),
('6164', 0, '9'),
('6165', 0, '9'),
('6166', 0, '9'),
('6167', 0, '9'),
('6168', 0, '9'),
('6169', 0, '9'),
('617', 0, '2'),
('6170', 0, '9'),
('6171', 0, '9'),
('6172', 0, '9'),
('6173', 0, '9'),
('6174', 0, '9'),
('6175', 0, '9'),
('6176', 0, '9'),
('6177', 0, '9'),
('6178', 0, '9'),
('6179', 0, '9'),
('618', 0, '2'),
('6180', 0, '9'),
('6181', 0, '9'),
('6182', 0, '9'),
('6183', 0, '9'),
('6184', 0, '9'),
('6185', 0, '9'),
('6186', 0, '9'),
('6187', 0, '9'),
('6188', 0, '9'),
('6189', 0, '9'),
('619', 0, '2'),
('6190', 0, '9'),
('6191', 0, '9'),
('6192', 0, '9'),
('6193', 0, '9'),
('6194', 0, '9'),
('6195', 0, '9'),
('6196', 0, '9'),
('6197', 0, '9'),
('6198', 0, '9'),
('6199', 0, '9'),
('62', 0, '1'),
('620', 0, '2'),
('6200', 0, '9'),
('6201', 0, '9'),
('6202', 1, '9'),
('6203', 1, '9'),
('6204', 1, '9'),
('6205', 1, '9'),
('6206', 1, '9'),
('6207', 1, '9'),
('6208', 1, '9'),
('6209', 1, '9'),
('621', 0, '2'),
('6210', 1, '9'),
('6211', 1, '9'),
('6212', 0, '10'),
('6213', 0, '10'),
('6214', 0, '10'),
('6215', 0, '10'),
('6216', 0, '10'),
('6217', 0, '10'),
('6218', 0, '10'),
('6219', 0, '10'),
('622', 0, '2'),
('6220', 0, '10'),
('6221', 0, '10'),
('6222', 0, '10'),
('6223', 0, '10'),
('6224', 0, '10'),
('6225', 0, '10'),
('6226', 0, '10'),
('6227', 0, '10'),
('6228', 0, '10'),
('6229', 0, '10'),
('623', 0, '2'),
('6230', 0, '10'),
('6231', 0, '10'),
('6232', 0, '10'),
('6233', 0, '10'),
('6234', 0, '10'),
('6235', 0, '10'),
('6236', 0, '10'),
('6237', 0, '10'),
('6238', 0, '10'),
('6239', 0, '10'),
('624', 0, '2'),
('6240', 0, '10'),
('6241', 0, '10'),
('6242', 0, '10'),
('6243', 0, '10'),
('6244', 0, '10'),
('6245', 0, '10'),
('6246', 0, '10'),
('6247', 0, '10'),
('6248', 0, '10'),
('6249', 0, '10'),
('625', 0, '2'),
('6250', 0, '10'),
('6251', 0, '10'),
('6252', 0, '10'),
('6253', 0, '10'),
('6254', 0, '10'),
('6255', 0, '10'),
('6256', 0, '10'),
('6257', 0, '10'),
('6258', 0, '10'),
('6259', 0, '10'),
('626', 0, '2'),
('6260', 0, '10'),
('6261', 0, '10'),
('6262', 0, '10'),
('6263', 0, '10'),
('6264', 0, '10'),
('6265', 0, '10'),
('6266', 0, '10'),
('6267', 0, '10'),
('6268', 0, '10'),
('6269', 0, '10'),
('627', 0, '2'),
('6270', 0, '10'),
('6271', 0, '10'),
('6272', 0, '10'),
('6273', 0, '10'),
('6274', 0, '10'),
('6275', 0, '10'),
('6276', 0, '10'),
('6277', 0, '10'),
('6278', 0, '10'),
('6279', 0, '10'),
('628', 0, '2'),
('6280', 0, '10'),
('6281', 0, '10'),
('6282', 0, '10'),
('6283', 0, '10'),
('6284', 0, '10'),
('6285', 0, '10'),
('6286', 0, '10'),
('6287', 0, '10'),
('6288', 0, '10'),
('6289', 0, '10'),
('629', 0, '2'),
('6290', 0, '10'),
('6291', 0, '10'),
('6292', 0, '10'),
('6293', 0, '10'),
('6294', 0, '10'),
('6295', 0, '10'),
('6296', 0, '10'),
('6297', 0, '10'),
('6298', 0, '10'),
('6299', 0, '10'),
('63', 0, '1'),
('630', 0, '2'),
('6300', 0, '10'),
('6301', 0, '10'),
('6302', 0, '10'),
('6303', 0, '10'),
('6304', 0, '10'),
('6305', 0, '10'),
('6306', 0, '10'),
('6307', 0, '10'),
('6308', 0, '10'),
('6309', 0, '10'),
('631', 0, '2'),
('6310', 0, '10'),
('6311', 0, '10'),
('6312', 0, '10'),
('6313', 0, '10'),
('6314', 0, '10'),
('6315', 0, '10'),
('6316', 0, '10'),
('6317', 0, '10'),
('6318', 0, '10'),
('6319', 0, '10'),
('632', 0, '2'),
('6320', 0, '10'),
('6321', 0, '10'),
('6322', 0, '10'),
('6323', 0, '10'),
('6324', 0, '10'),
('6325', 0, '10'),
('6326', 0, '10'),
('6327', 0, '10'),
('6328', 0, '10'),
('6329', 0, '10'),
('633', 0, '2'),
('6330', 0, '10'),
('6331', 0, '10'),
('6332', 0, '10'),
('6333', 0, '10'),
('6334', 0, '10'),
('6335', 0, '10'),
('6336', 0, '10'),
('6337', 0, '10'),
('6338', 0, '10'),
('6339', 0, '10'),
('634', 0, '2'),
('6340', 0, '10'),
('6341', 0, '10'),
('6342', 0, '10'),
('6343', 0, '10'),
('6344', 0, '10'),
('6345', 0, '10'),
('6346', 0, '10'),
('6347', 0, '10'),
('6348', 0, '10'),
('6349', 0, '10'),
('635', 0, '2'),
('6350', 0, '10'),
('6351', 0, '10'),
('6352', 0, '10'),
('6353', 0, '10'),
('6354', 0, '10'),
('6355', 0, '10'),
('6356', 0, '10'),
('6357', 0, '10'),
('6358', 0, '10'),
('6359', 0, '10'),
('636', 0, '2'),
('6360', 0, '10'),
('6361', 0, '10'),
('6362', 0, '10'),
('6363', 0, '10'),
('6364', 0, '10'),
('6365', 0, '10'),
('6366', 0, '10'),
('6367', 0, '10'),
('6368', 0, '10'),
('6369', 0, '10'),
('637', 0, '2'),
('6370', 0, '10'),
('6371', 0, '10'),
('6372', 0, '10'),
('6373', 0, '10'),
('6374', 0, '10'),
('6375', 0, '10'),
('6376', 0, '10'),
('6377', 0, '10'),
('6378', 0, '10'),
('6379', 0, '10'),
('638', 0, '2'),
('6380', 0, '10'),
('6381', 0, '10'),
('6382', 0, '10'),
('6383', 0, '10'),
('6384', 0, '10'),
('6385', 0, '10'),
('6386', 0, '10'),
('6387', 0, '10'),
('6388', 0, '10'),
('6389', 0, '10'),
('639', 0, '2'),
('6390', 0, '10'),
('6391', 0, '10'),
('6392', 0, '10'),
('6393', 0, '10'),
('6394', 0, '10'),
('6395', 0, '10'),
('6396', 0, '10'),
('6397', 0, '10'),
('6398', 0, '10'),
('6399', 0, '10'),
('64', 0, '1'),
('640', 0, '2'),
('6400', 0, '10'),
('6401', 0, '10'),
('6402', 0, '10'),
('6403', 0, '10'),
('6404', 0, '10'),
('6405', 0, '10'),
('6406', 0, '10'),
('6407', 0, '10'),
('6408', 0, '10'),
('6409', 0, '10'),
('641', 0, '2'),
('6410', 0, '10'),
('6411', 0, '10'),
('6412', 0, '10'),
('6413', 0, '10'),
('6414', 0, '10'),
('6415', 0, '10'),
('6416', 0, '10'),
('6417', 0, '10'),
('6418', 0, '10'),
('6419', 0, '10'),
('642', 0, '2'),
('6420', 0, '10'),
('6421', 0, '10'),
('6422', 0, '10'),
('6423', 0, '10'),
('6424', 0, '10'),
('6425', 0, '10'),
('6426', 0, '10'),
('6427', 0, '10'),
('6428', 0, '10'),
('6429', 0, '10'),
('643', 0, '2'),
('6430', 0, '10'),
('6431', 0, '10'),
('6432', 0, '10'),
('6433', 0, '10'),
('6434', 0, '10'),
('6435', 0, '10'),
('6436', 0, '10'),
('6437', 0, '10'),
('6438', 0, '10'),
('6439', 0, '10'),
('644', 0, '2'),
('6440', 0, '10'),
('6441', 0, '10'),
('6442', 0, '10'),
('6443', 0, '10'),
('6444', 0, '10'),
('6445', 0, '10'),
('6446', 0, '10'),
('6447', 0, '10'),
('6448', 0, '10'),
('6449', 0, '10'),
('645', 0, '2'),
('6450', 0, '10'),
('6451', 0, '10'),
('6452', 0, '10'),
('6453', 0, '10'),
('6454', 0, '10'),
('6455', 0, '10'),
('6456', 0, '10'),
('6457', 0, '10'),
('6458', 0, '10'),
('6459', 0, '10'),
('646', 0, '2'),
('6460', 0, '10'),
('6461', 0, '10'),
('6462', 0, '10'),
('6463', 0, '10'),
('6464', 0, '10'),
('6465', 0, '10'),
('6466', 0, '10'),
('6467', 0, '10'),
('6468', 0, '10'),
('6469', 0, '10'),
('647', 0, '2'),
('6470', 0, '10'),
('6471', 0, '10'),
('6472', 0, '10'),
('6473', 0, '10'),
('6474', 0, '10'),
('6475', 0, '10'),
('6476', 0, '10'),
('6477', 0, '10'),
('6478', 0, '10'),
('6479', 0, '10'),
('648', 0, '2'),
('6480', 0, '10'),
('6481', 0, '10'),
('6482', 0, '10'),
('6483', 0, '10'),
('6484', 0, '10'),
('6485', 0, '10'),
('6486', 0, '10'),
('6487', 0, '10'),
('6488', 0, '10'),
('6489', 0, '10'),
('649', 0, '2'),
('6490', 0, '10'),
('6491', 0, '10'),
('6492', 0, '10'),
('6493', 0, '10'),
('6494', 0, '10'),
('6495', 0, '10'),
('6496', 0, '10'),
('6497', 0, '10'),
('6498', 0, '10'),
('6499', 0, '10'),
('65', 0, '1'),
('650', 0, '2'),
('6500', 0, '10'),
('6501', 0, '10'),
('6502', 0, '10'),
('6503', 0, '10'),
('6504', 0, '10'),
('6505', 0, '10'),
('6506', 0, '10'),
('6507', 0, '10'),
('6508', 0, '10'),
('6509', 0, '10'),
('651', 0, '2'),
('6510', 0, '10'),
('6511', 0, '10'),
('6512', 0, '10'),
('6513', 0, '10'),
('6514', 0, '10'),
('6515', 0, '10'),
('6516', 0, '10'),
('6517', 0, '10'),
('6518', 0, '10'),
('6519', 0, '10'),
('652', 0, '2'),
('6520', 0, '10'),
('6521', 0, '10'),
('6522', 0, '10'),
('6523', 0, '10'),
('6524', 0, '10'),
('6525', 0, '10'),
('6526', 0, '10'),
('6527', 0, '10'),
('6528', 0, '10'),
('6529', 0, '10'),
('653', 0, '2'),
('6530', 0, '10'),
('6531', 0, '10'),
('6532', 0, '10'),
('6533', 0, '10'),
('6534', 0, '10'),
('6535', 0, '10'),
('6536', 0, '10'),
('6537', 0, '10'),
('6538', 0, '10'),
('6539', 0, '10'),
('654', 0, '2'),
('6540', 0, '10'),
('6541', 0, '10'),
('6542', 0, '10'),
('6543', 0, '10'),
('6544', 0, '10'),
('6545', 0, '10'),
('6546', 0, '10'),
('6547', 0, '10'),
('6548', 0, '10'),
('6549', 0, '10'),
('655', 0, '2'),
('6550', 0, '10'),
('6551', 0, '10'),
('6552', 0, '10'),
('6553', 0, '10'),
('6554', 0, '10'),
('6555', 0, '10'),
('6556', 0, '10'),
('6557', 0, '10'),
('6558', 0, '10'),
('6559', 0, '10'),
('656', 0, '2'),
('6560', 0, '10'),
('6561', 0, '10'),
('6562', 0, '10'),
('6563', 0, '10'),
('6564', 0, '10'),
('6565', 0, '10'),
('6566', 0, '10'),
('6567', 0, '10'),
('6568', 0, '10'),
('6569', 0, '10'),
('657', 0, '2'),
('6570', 0, '10'),
('6571', 0, '10'),
('6572', 0, '10'),
('6573', 0, '10'),
('6574', 0, '10'),
('6575', 0, '10'),
('6576', 0, '10'),
('6577', 0, '10'),
('6578', 0, '10'),
('6579', 0, '10'),
('658', 0, '2'),
('6580', 0, '10'),
('6581', 0, '10'),
('6582', 0, '10'),
('6583', 0, '10'),
('6584', 0, '10'),
('6585', 0, '10'),
('6586', 0, '10'),
('6587', 0, '10'),
('6588', 0, '10'),
('6589', 0, '10'),
('659', 0, '2'),
('6590', 0, '10'),
('6591', 0, '10'),
('6592', 0, '10'),
('6593', 0, '10'),
('6594', 0, '10'),
('6595', 0, '10'),
('6596', 0, '10'),
('6597', 0, '10'),
('6598', 0, '10'),
('6599', 0, '10'),
('66', 0, '1'),
('660', 0, '2'),
('6600', 0, '10'),
('6601', 0, '10'),
('6602', 0, '10'),
('6603', 0, '10'),
('6604', 0, '10'),
('6605', 0, '10'),
('6606', 0, '10'),
('6607', 0, '10'),
('6608', 0, '10'),
('6609', 0, '10'),
('661', 0, '2'),
('6610', 0, '10'),
('6611', 0, '10'),
('6612', 0, '10'),
('6613', 0, '10'),
('6614', 0, '10'),
('6615', 0, '10'),
('6616', 0, '10'),
('6617', 0, '10'),
('6618', 0, '10'),
('6619', 0, '10'),
('662', 0, '2'),
('6620', 0, '10'),
('6621', 0, '10'),
('6622', 0, '10'),
('6623', 0, '10'),
('6624', 0, '10'),
('6625', 0, '10'),
('6626', 0, '10'),
('6627', 0, '10'),
('6628', 0, '10'),
('6629', 0, '10'),
('663', 0, '2');
INSERT INTO `place` (`identifiantPlace`, `PMR`, `IdentifiantPark`) VALUES
('6630', 0, '10'),
('6631', 0, '10'),
('6632', 0, '10'),
('6633', 0, '10'),
('6634', 0, '10'),
('6635', 0, '10'),
('6636', 0, '10'),
('6637', 0, '10'),
('6638', 0, '10'),
('6639', 0, '10'),
('664', 0, '2'),
('6640', 0, '10'),
('6641', 0, '10'),
('6642', 0, '10'),
('6643', 0, '10'),
('6644', 0, '10'),
('6645', 0, '10'),
('6646', 0, '10'),
('6647', 0, '10'),
('6648', 0, '10'),
('6649', 0, '10'),
('665', 0, '2'),
('6650', 0, '10'),
('6651', 0, '10'),
('6652', 0, '10'),
('6653', 0, '10'),
('6654', 0, '10'),
('6655', 0, '10'),
('6656', 0, '10'),
('6657', 0, '10'),
('6658', 0, '10'),
('6659', 0, '10'),
('666', 0, '2'),
('6660', 0, '10'),
('6661', 0, '10'),
('6662', 0, '10'),
('6663', 0, '10'),
('6664', 0, '10'),
('6665', 0, '10'),
('6666', 0, '10'),
('6667', 0, '10'),
('6668', 0, '10'),
('6669', 0, '10'),
('667', 0, '2'),
('6670', 0, '10'),
('6671', 0, '10'),
('6672', 0, '10'),
('6673', 0, '10'),
('6674', 0, '10'),
('6675', 0, '10'),
('6676', 0, '10'),
('6677', 0, '10'),
('6678', 0, '10'),
('6679', 0, '10'),
('668', 0, '2'),
('6680', 0, '10'),
('6681', 0, '10'),
('6682', 0, '10'),
('6683', 0, '10'),
('6684', 0, '10'),
('6685', 1, '10'),
('6686', 1, '10'),
('6687', 1, '10'),
('6688', 1, '10'),
('6689', 1, '10'),
('669', 0, '2'),
('6690', 1, '10'),
('6691', 1, '10'),
('6692', 1, '10'),
('6693', 1, '10'),
('6694', 1, '10'),
('6695', 0, '11'),
('6696', 0, '11'),
('6697', 0, '11'),
('6698', 0, '11'),
('6699', 0, '11'),
('67', 0, '1'),
('670', 0, '2'),
('6700', 0, '11'),
('6701', 0, '11'),
('6702', 0, '11'),
('6703', 0, '11'),
('6704', 0, '11'),
('6705', 0, '11'),
('6706', 0, '11'),
('6707', 0, '11'),
('6708', 0, '11'),
('6709', 0, '11'),
('671', 0, '2'),
('6710', 0, '11'),
('6711', 0, '11'),
('6712', 0, '11'),
('6713', 0, '11'),
('6714', 0, '11'),
('6715', 0, '11'),
('6716', 0, '11'),
('6717', 0, '11'),
('6718', 0, '11'),
('6719', 0, '11'),
('672', 0, '2'),
('6720', 0, '11'),
('6721', 0, '11'),
('6722', 0, '11'),
('6723', 0, '11'),
('6724', 0, '11'),
('6725', 0, '11'),
('6726', 0, '11'),
('6727', 0, '11'),
('6728', 0, '11'),
('6729', 0, '11'),
('673', 0, '2'),
('6730', 0, '11'),
('6731', 0, '11'),
('6732', 0, '11'),
('6733', 0, '11'),
('6734', 0, '11'),
('6735', 0, '11'),
('6736', 0, '11'),
('6737', 0, '11'),
('6738', 0, '11'),
('6739', 0, '11'),
('674', 0, '2'),
('6740', 0, '11'),
('6741', 0, '11'),
('6742', 0, '11'),
('6743', 0, '11'),
('6744', 0, '11'),
('6745', 0, '11'),
('6746', 0, '11'),
('6747', 0, '11'),
('6748', 0, '11'),
('6749', 0, '11'),
('675', 0, '2'),
('6750', 0, '11'),
('6751', 0, '11'),
('6752', 0, '11'),
('6753', 0, '11'),
('6754', 0, '11'),
('6755', 0, '11'),
('6756', 0, '11'),
('6757', 0, '11'),
('6758', 0, '11'),
('6759', 0, '11'),
('676', 0, '2'),
('6760', 0, '11'),
('6761', 0, '11'),
('6762', 0, '11'),
('6763', 0, '11'),
('6764', 0, '11'),
('6765', 0, '11'),
('6766', 0, '11'),
('6767', 0, '11'),
('6768', 0, '11'),
('6769', 0, '11'),
('677', 0, '2'),
('6770', 0, '11'),
('6771', 0, '11'),
('6772', 0, '11'),
('6773', 0, '11'),
('6774', 0, '11'),
('6775', 0, '11'),
('6776', 0, '11'),
('6777', 0, '11'),
('6778', 0, '11'),
('6779', 0, '11'),
('678', 0, '2'),
('6780', 0, '11'),
('6781', 0, '11'),
('6782', 0, '11'),
('6783', 0, '11'),
('6784', 0, '11'),
('6785', 0, '11'),
('6786', 0, '11'),
('6787', 0, '11'),
('6788', 0, '11'),
('6789', 0, '11'),
('679', 0, '2'),
('6790', 0, '11'),
('6791', 0, '11'),
('6792', 0, '11'),
('6793', 0, '11'),
('6794', 0, '11'),
('6795', 0, '11'),
('6796', 0, '11'),
('6797', 0, '11'),
('6798', 0, '11'),
('6799', 0, '11'),
('68', 0, '1'),
('680', 0, '2'),
('6800', 0, '11'),
('6801', 0, '11'),
('6802', 0, '11'),
('6803', 0, '11'),
('6804', 0, '11'),
('6805', 0, '11'),
('6806', 0, '11'),
('6807', 0, '11'),
('6808', 0, '11'),
('6809', 0, '11'),
('681', 0, '2'),
('6810', 0, '11'),
('6811', 0, '11'),
('6812', 0, '11'),
('6813', 0, '11'),
('6814', 0, '11'),
('6815', 0, '11'),
('6816', 0, '11'),
('6817', 0, '11'),
('6818', 0, '11'),
('6819', 0, '11'),
('682', 0, '2'),
('6820', 0, '11'),
('6821', 0, '11'),
('6822', 0, '11'),
('6823', 0, '11'),
('6824', 0, '11'),
('6825', 0, '11'),
('6826', 0, '11'),
('6827', 0, '11'),
('6828', 0, '11'),
('6829', 0, '11'),
('683', 0, '2'),
('6830', 0, '11'),
('6831', 0, '11'),
('6832', 0, '11'),
('6833', 0, '11'),
('6834', 0, '11'),
('6835', 0, '11'),
('6836', 0, '11'),
('6837', 0, '11'),
('6838', 0, '11'),
('6839', 0, '11'),
('684', 0, '2'),
('6840', 0, '11'),
('6841', 0, '11'),
('6842', 0, '11'),
('6843', 0, '11'),
('6844', 0, '11'),
('6845', 0, '11'),
('6846', 0, '11'),
('6847', 0, '11'),
('6848', 0, '11'),
('6849', 0, '11'),
('685', 0, '2'),
('6850', 0, '11'),
('6851', 0, '11'),
('6852', 0, '11'),
('6853', 0, '11'),
('6854', 0, '11'),
('6855', 0, '11'),
('6856', 0, '11'),
('6857', 0, '11'),
('6858', 0, '11'),
('6859', 0, '11'),
('686', 0, '2'),
('6860', 0, '11'),
('6861', 0, '11'),
('6862', 0, '11'),
('6863', 0, '11'),
('6864', 0, '11'),
('6865', 0, '11'),
('6866', 0, '11'),
('6867', 0, '11'),
('6868', 0, '11'),
('6869', 0, '11'),
('687', 0, '2'),
('6870', 0, '11'),
('6871', 0, '11'),
('6872', 0, '11'),
('6873', 0, '11'),
('6874', 0, '11'),
('6875', 0, '11'),
('6876', 0, '11'),
('6877', 0, '11'),
('6878', 0, '11'),
('6879', 0, '11'),
('688', 0, '2'),
('6880', 0, '11'),
('6881', 0, '11'),
('6882', 0, '11'),
('6883', 0, '11'),
('6884', 0, '11'),
('6885', 0, '11'),
('6886', 0, '11'),
('6887', 0, '11'),
('6888', 0, '11'),
('6889', 0, '11'),
('689', 0, '2'),
('6890', 0, '11'),
('6891', 0, '11'),
('6892', 0, '11'),
('6893', 0, '11'),
('6894', 0, '11'),
('6895', 0, '11'),
('6896', 0, '11'),
('6897', 0, '11'),
('6898', 0, '11'),
('6899', 0, '11'),
('69', 0, '1'),
('690', 0, '2'),
('6900', 0, '11'),
('6901', 0, '11'),
('6902', 0, '11'),
('6903', 0, '11'),
('6904', 0, '11'),
('6905', 0, '11'),
('6906', 0, '11'),
('6907', 0, '11'),
('6908', 0, '11'),
('6909', 0, '11'),
('691', 0, '2'),
('6910', 0, '11'),
('6911', 0, '11'),
('6912', 0, '11'),
('6913', 0, '11'),
('6914', 0, '11'),
('6915', 0, '11'),
('6916', 0, '11'),
('6917', 0, '11'),
('6918', 0, '11'),
('6919', 0, '11'),
('692', 0, '2'),
('6920', 0, '11'),
('6921', 0, '11'),
('6922', 0, '11'),
('6923', 0, '11'),
('6924', 0, '11'),
('6925', 0, '11'),
('6926', 0, '11'),
('6927', 0, '11'),
('6928', 0, '11'),
('6929', 0, '11'),
('693', 0, '2'),
('6930', 0, '11'),
('6931', 0, '11'),
('6932', 0, '11'),
('6933', 0, '11'),
('6934', 0, '11'),
('6935', 0, '11'),
('6936', 0, '11'),
('6937', 0, '11'),
('6938', 0, '11'),
('6939', 0, '11'),
('694', 0, '2'),
('6940', 0, '11'),
('6941', 0, '11'),
('6942', 0, '11'),
('6943', 0, '11'),
('6944', 0, '11'),
('6945', 0, '11'),
('6946', 0, '11'),
('6947', 0, '11'),
('6948', 0, '11'),
('6949', 0, '11'),
('695', 0, '2'),
('6950', 0, '11'),
('6951', 0, '11'),
('6952', 0, '11'),
('6953', 0, '11'),
('6954', 0, '11'),
('6955', 0, '11'),
('6956', 0, '11'),
('6957', 0, '11'),
('6958', 0, '11'),
('6959', 0, '11'),
('696', 0, '2'),
('6960', 0, '11'),
('6961', 0, '11'),
('6962', 0, '11'),
('6963', 0, '11'),
('6964', 0, '11'),
('6965', 0, '11'),
('6966', 0, '11'),
('6967', 0, '11'),
('6968', 0, '11'),
('6969', 0, '11'),
('697', 0, '2'),
('6970', 0, '11'),
('6971', 0, '11'),
('6972', 0, '11'),
('6973', 0, '11'),
('6974', 0, '11'),
('6975', 0, '11'),
('6976', 0, '11'),
('6977', 0, '11'),
('6978', 0, '11'),
('6979', 0, '11'),
('698', 0, '2'),
('6980', 0, '11'),
('6981', 0, '11'),
('6982', 0, '11'),
('6983', 0, '11'),
('6984', 0, '11'),
('6985', 0, '11'),
('6986', 0, '11'),
('6987', 0, '11'),
('6988', 0, '11'),
('6989', 0, '11'),
('699', 0, '2'),
('6990', 0, '11'),
('6991', 0, '11'),
('6992', 0, '11'),
('6993', 0, '11'),
('6994', 0, '11'),
('6995', 0, '11'),
('6996', 0, '11'),
('6997', 0, '11'),
('6998', 0, '11'),
('6999', 0, '11'),
('7', 0, '1'),
('70', 0, '1'),
('700', 0, '2'),
('7000', 0, '11'),
('7001', 0, '11'),
('7002', 0, '11'),
('7003', 0, '11'),
('7004', 0, '11'),
('7005', 0, '11'),
('7006', 0, '11'),
('7007', 0, '11'),
('7008', 0, '11'),
('7009', 0, '11'),
('701', 0, '2'),
('7010', 0, '11'),
('7011', 0, '11'),
('7012', 0, '11'),
('7013', 0, '11'),
('7014', 0, '11'),
('7015', 0, '11'),
('7016', 0, '11'),
('7017', 0, '11'),
('7018', 0, '11'),
('7019', 0, '11'),
('702', 0, '2'),
('7020', 0, '11'),
('7021', 0, '11'),
('7022', 0, '11'),
('7023', 0, '11'),
('7024', 0, '11'),
('7025', 0, '11'),
('7026', 0, '11'),
('7027', 0, '11'),
('7028', 0, '11'),
('7029', 0, '11'),
('703', 0, '2'),
('7030', 0, '11'),
('7031', 0, '11'),
('7032', 0, '11'),
('7033', 0, '11'),
('7034', 0, '11'),
('7035', 0, '11'),
('7036', 0, '11'),
('7037', 0, '11'),
('7038', 0, '11'),
('7039', 0, '11'),
('704', 0, '2'),
('7040', 0, '11'),
('7041', 0, '11'),
('7042', 0, '11'),
('7043', 0, '11'),
('7044', 0, '11'),
('7045', 0, '11'),
('7046', 0, '11'),
('7047', 0, '11'),
('7048', 0, '11'),
('7049', 0, '11'),
('705', 0, '2'),
('7050', 0, '11'),
('7051', 0, '11'),
('7052', 0, '11'),
('7053', 0, '11'),
('7054', 0, '11'),
('7055', 0, '11'),
('7056', 0, '11'),
('7057', 0, '11'),
('7058', 0, '11'),
('7059', 0, '11'),
('706', 0, '2'),
('7060', 0, '11'),
('7061', 0, '11'),
('7062', 0, '11'),
('7063', 0, '11'),
('7064', 0, '11'),
('7065', 0, '11'),
('7066', 0, '11'),
('7067', 0, '11'),
('7068', 0, '11'),
('7069', 0, '11'),
('707', 0, '2'),
('7070', 0, '11'),
('7071', 0, '11'),
('7072', 0, '11'),
('7073', 0, '11'),
('7074', 0, '11'),
('7075', 0, '11'),
('7076', 0, '11'),
('7077', 0, '11'),
('7078', 0, '11'),
('7079', 0, '11'),
('708', 0, '2'),
('7080', 0, '11'),
('7081', 0, '11'),
('7082', 0, '11'),
('7083', 0, '11'),
('7084', 0, '11'),
('7085', 0, '11'),
('7086', 0, '11'),
('7087', 0, '11'),
('7088', 0, '11'),
('7089', 0, '11'),
('709', 0, '2'),
('7090', 0, '11'),
('7091', 0, '11'),
('7092', 0, '11'),
('7093', 0, '11'),
('7094', 0, '11'),
('7095', 0, '11'),
('7096', 0, '11'),
('7097', 0, '11'),
('7098', 0, '11'),
('7099', 0, '11'),
('71', 0, '1'),
('710', 0, '2'),
('7100', 0, '11'),
('7101', 0, '11'),
('7102', 0, '11'),
('7103', 0, '11'),
('7104', 0, '11'),
('7105', 0, '11'),
('7106', 0, '11'),
('7107', 0, '11'),
('7108', 0, '11'),
('7109', 0, '11'),
('711', 0, '2'),
('7110', 0, '11'),
('7111', 0, '11'),
('7112', 0, '11'),
('7113', 0, '11'),
('7114', 0, '11'),
('7115', 0, '11'),
('7116', 0, '11'),
('7117', 0, '11'),
('7118', 0, '11'),
('7119', 0, '11'),
('712', 0, '2'),
('7120', 0, '11'),
('7121', 0, '11'),
('7122', 0, '11'),
('7123', 0, '11'),
('7124', 0, '11'),
('7125', 0, '11'),
('7126', 0, '11'),
('7127', 0, '11'),
('7128', 0, '11'),
('7129', 0, '11'),
('713', 0, '2'),
('7130', 0, '11'),
('7131', 0, '11'),
('7132', 0, '11'),
('7133', 0, '11'),
('7134', 0, '11'),
('7135', 0, '11'),
('7136', 0, '11'),
('7137', 0, '11'),
('7138', 0, '11'),
('7139', 0, '11'),
('714', 0, '2'),
('7140', 0, '11'),
('7141', 0, '11'),
('7142', 0, '11'),
('7143', 0, '11'),
('7144', 0, '11'),
('7145', 0, '11'),
('7146', 0, '11'),
('7147', 0, '11'),
('7148', 0, '11'),
('7149', 0, '11'),
('715', 0, '2'),
('7150', 0, '11'),
('7151', 0, '11'),
('7152', 0, '11'),
('7153', 0, '11'),
('7154', 0, '11'),
('7155', 0, '11'),
('7156', 0, '11'),
('7157', 0, '11'),
('7158', 0, '11'),
('7159', 0, '11'),
('716', 0, '2'),
('7160', 0, '11'),
('7161', 0, '11'),
('7162', 0, '11'),
('7163', 0, '11'),
('7164', 0, '11'),
('7165', 0, '11'),
('7166', 0, '11'),
('7167', 0, '11'),
('7168', 0, '11'),
('7169', 0, '11'),
('717', 0, '2'),
('7170', 0, '11'),
('7171', 0, '11'),
('7172', 0, '11'),
('7173', 0, '11'),
('7174', 0, '11'),
('7175', 0, '11'),
('7176', 0, '11'),
('7177', 0, '11'),
('7178', 0, '11'),
('7179', 0, '11'),
('718', 0, '2'),
('7180', 0, '11'),
('7181', 0, '11'),
('7182', 0, '11'),
('7183', 0, '11'),
('7184', 0, '11'),
('7185', 0, '11'),
('7186', 0, '11'),
('7187', 0, '11'),
('7188', 0, '11'),
('7189', 0, '11'),
('719', 0, '2'),
('7190', 0, '11'),
('7191', 0, '11'),
('7192', 0, '11'),
('7193', 0, '11'),
('7194', 0, '11'),
('7195', 0, '11'),
('7196', 0, '11'),
('7197', 0, '11'),
('7198', 0, '11'),
('7199', 0, '11'),
('72', 0, '1'),
('720', 0, '2'),
('7200', 0, '11'),
('7201', 0, '11'),
('7202', 0, '11'),
('7203', 0, '11'),
('7204', 0, '11'),
('7205', 0, '11'),
('7206', 0, '11'),
('7207', 0, '11'),
('7208', 0, '11'),
('7209', 0, '11'),
('721', 0, '2'),
('7210', 0, '11'),
('7211', 0, '11'),
('7212', 0, '11'),
('7213', 0, '11'),
('7214', 0, '11'),
('7215', 0, '11'),
('7216', 0, '11'),
('7217', 0, '11'),
('7218', 0, '11'),
('7219', 0, '11'),
('722', 0, '2'),
('7220', 0, '11'),
('7221', 0, '11'),
('7222', 0, '11'),
('7223', 0, '11'),
('7224', 0, '11'),
('7225', 0, '11'),
('7226', 0, '11'),
('7227', 0, '11'),
('7228', 0, '11'),
('7229', 0, '11'),
('723', 0, '2'),
('7230', 0, '11'),
('7231', 0, '11'),
('7232', 0, '11'),
('7233', 0, '11'),
('7234', 0, '11'),
('7235', 0, '11'),
('7236', 0, '11'),
('7237', 0, '11'),
('7238', 0, '11'),
('7239', 0, '11'),
('724', 0, '2'),
('7240', 0, '11'),
('7241', 0, '11'),
('7242', 0, '11'),
('7243', 0, '11'),
('7244', 0, '11'),
('7245', 0, '11'),
('7246', 0, '11'),
('7247', 0, '11'),
('7248', 0, '11'),
('7249', 0, '11'),
('725', 0, '2'),
('7250', 0, '11'),
('7251', 0, '11'),
('7252', 0, '11'),
('7253', 0, '11'),
('7254', 0, '11'),
('7255', 0, '11'),
('7256', 0, '11'),
('7257', 0, '11'),
('7258', 0, '11'),
('7259', 0, '11'),
('726', 0, '2'),
('7260', 0, '11'),
('7261', 0, '11'),
('7262', 0, '11'),
('7263', 0, '11'),
('7264', 0, '11'),
('7265', 0, '11'),
('7266', 0, '11'),
('7267', 0, '11'),
('7268', 0, '11'),
('7269', 0, '11'),
('727', 0, '2'),
('7270', 0, '11'),
('7271', 0, '11'),
('7272', 0, '11'),
('7273', 0, '11'),
('7274', 0, '11'),
('7275', 0, '11'),
('7276', 0, '11'),
('7277', 0, '11'),
('7278', 0, '11'),
('7279', 0, '11'),
('728', 0, '2'),
('7280', 0, '11'),
('7281', 0, '11'),
('7282', 0, '11'),
('7283', 0, '11'),
('7284', 0, '11'),
('7285', 0, '11'),
('7286', 0, '11'),
('7287', 0, '11'),
('7288', 0, '11'),
('7289', 0, '11'),
('729', 0, '2'),
('7290', 0, '11'),
('7291', 0, '11'),
('7292', 0, '11'),
('7293', 0, '11'),
('7294', 0, '11'),
('7295', 0, '11'),
('7296', 0, '11'),
('7297', 0, '11'),
('7298', 0, '11'),
('7299', 0, '11'),
('73', 0, '1'),
('730', 0, '2'),
('7300', 0, '11'),
('7301', 0, '11'),
('7302', 0, '11'),
('7303', 0, '11'),
('7304', 0, '11'),
('7305', 0, '11'),
('7306', 0, '11'),
('7307', 0, '11'),
('7308', 0, '11'),
('7309', 0, '11'),
('731', 0, '2'),
('7310', 0, '11'),
('7311', 0, '11'),
('7312', 0, '11'),
('7313', 0, '11'),
('7314', 0, '11'),
('7315', 0, '11'),
('7316', 0, '11'),
('7317', 0, '11'),
('7318', 0, '11'),
('7319', 0, '11'),
('732', 0, '2'),
('7320', 0, '11'),
('7321', 0, '11'),
('7322', 0, '11'),
('7323', 0, '11'),
('7324', 0, '11'),
('7325', 0, '11'),
('7326', 0, '11'),
('7327', 0, '11'),
('7328', 0, '11'),
('7329', 0, '11'),
('733', 0, '2'),
('7330', 0, '11'),
('7331', 0, '11'),
('7332', 0, '11'),
('7333', 0, '11'),
('7334', 0, '11'),
('7335', 0, '11'),
('7336', 0, '11'),
('7337', 0, '11'),
('7338', 0, '11'),
('7339', 0, '11'),
('734', 0, '2'),
('7340', 0, '11'),
('7341', 0, '11'),
('7342', 0, '11'),
('7343', 0, '11'),
('7344', 0, '11'),
('7345', 0, '11'),
('7346', 0, '11'),
('7347', 0, '11'),
('7348', 0, '11'),
('7349', 0, '11'),
('735', 0, '2'),
('7350', 0, '11'),
('7351', 0, '11'),
('7352', 0, '11'),
('7353', 0, '11'),
('7354', 0, '11'),
('7355', 0, '11'),
('7356', 0, '11'),
('7357', 0, '11'),
('7358', 0, '11'),
('7359', 0, '11'),
('736', 0, '2'),
('7360', 0, '11'),
('7361', 0, '11'),
('7362', 0, '11'),
('7363', 0, '11'),
('7364', 0, '11'),
('7365', 0, '11'),
('7366', 0, '11'),
('7367', 0, '11'),
('7368', 0, '11'),
('7369', 0, '11'),
('737', 0, '2'),
('7370', 0, '11'),
('7371', 0, '11'),
('7372', 0, '11'),
('7373', 0, '11'),
('7374', 0, '11'),
('7375', 0, '11'),
('7376', 0, '11'),
('7377', 0, '11'),
('7378', 0, '11'),
('7379', 0, '11'),
('738', 0, '2'),
('7380', 0, '11'),
('7381', 0, '11'),
('7382', 0, '11'),
('7383', 0, '11'),
('7384', 0, '11'),
('7385', 0, '11'),
('7386', 0, '11'),
('7387', 0, '11'),
('7388', 0, '11'),
('7389', 0, '11'),
('739', 0, '2'),
('7390', 0, '11'),
('7391', 0, '11'),
('7392', 0, '11'),
('7393', 0, '11'),
('7394', 0, '11'),
('7395', 0, '11'),
('7396', 0, '11'),
('7397', 0, '11'),
('7398', 0, '11'),
('7399', 0, '11'),
('74', 0, '1'),
('740', 0, '2'),
('7400', 0, '11'),
('7401', 0, '11'),
('7402', 0, '11'),
('7403', 0, '11'),
('7404', 0, '11'),
('7405', 0, '11'),
('7406', 0, '11'),
('7407', 0, '11'),
('7408', 0, '11'),
('7409', 0, '11'),
('741', 0, '2'),
('7410', 0, '11'),
('7411', 0, '11'),
('7412', 0, '11'),
('7413', 0, '11'),
('7414', 0, '11'),
('7415', 0, '11'),
('7416', 0, '11'),
('7417', 0, '11'),
('7418', 0, '11'),
('7419', 0, '11'),
('742', 0, '2'),
('7420', 0, '11'),
('7421', 0, '11'),
('7422', 0, '11'),
('7423', 0, '11'),
('7424', 0, '11'),
('7425', 0, '11'),
('7426', 0, '11'),
('7427', 0, '11'),
('7428', 0, '11'),
('7429', 0, '11'),
('743', 0, '2'),
('7430', 0, '11'),
('7431', 0, '11'),
('7432', 0, '11'),
('7433', 0, '11'),
('7434', 0, '11'),
('7435', 0, '11'),
('7436', 0, '11'),
('7437', 0, '11'),
('7438', 0, '11'),
('7439', 0, '11'),
('744', 0, '2'),
('7440', 0, '11'),
('7441', 0, '11'),
('7442', 0, '11'),
('7443', 0, '11'),
('7444', 0, '11'),
('7445', 0, '11'),
('7446', 0, '11'),
('7447', 0, '11'),
('7448', 0, '11'),
('7449', 0, '11'),
('745', 0, '2'),
('7450', 0, '11'),
('7451', 0, '11'),
('7452', 0, '11'),
('7453', 0, '11'),
('7454', 0, '11'),
('7455', 0, '11'),
('7456', 0, '11'),
('7457', 0, '11'),
('7458', 0, '11'),
('7459', 0, '11'),
('746', 0, '2'),
('7460', 0, '11'),
('7461', 0, '11'),
('7462', 0, '11'),
('7463', 0, '11'),
('7464', 0, '11'),
('7465', 0, '11'),
('7466', 0, '11'),
('7467', 0, '11'),
('7468', 0, '11'),
('7469', 0, '11'),
('747', 0, '2'),
('7470', 0, '11'),
('7471', 0, '11'),
('7472', 0, '11'),
('7473', 0, '11'),
('7474', 0, '11'),
('7475', 0, '11'),
('7476', 0, '11'),
('7477', 0, '11'),
('7478', 0, '11'),
('7479', 0, '11'),
('748', 0, '2'),
('7480', 0, '11'),
('7481', 0, '11'),
('7482', 0, '11'),
('7483', 0, '11'),
('7484', 0, '11'),
('7485', 0, '11'),
('7486', 0, '11'),
('7487', 0, '11'),
('7488', 1, '11'),
('7489', 1, '11'),
('749', 0, '2'),
('7490', 1, '11'),
('7491', 1, '11'),
('7492', 1, '11'),
('7493', 1, '11'),
('7494', 1, '11'),
('7495', 1, '11'),
('7496', 1, '11'),
('7497', 1, '11'),
('7498', 1, '11'),
('7499', 1, '11'),
('75', 0, '1'),
('750', 0, '2'),
('7500', 0, '12'),
('7501', 0, '12'),
('7502', 0, '12'),
('7503', 0, '12'),
('7504', 0, '12'),
('7505', 0, '12'),
('7506', 0, '12'),
('7507', 0, '12'),
('7508', 0, '12'),
('7509', 0, '12'),
('751', 0, '2'),
('7510', 0, '12'),
('7511', 0, '12'),
('7512', 0, '12'),
('7513', 0, '12'),
('7514', 0, '12'),
('7515', 0, '12'),
('7516', 0, '12'),
('7517', 0, '12'),
('7518', 0, '12'),
('7519', 0, '12'),
('752', 0, '2'),
('7520', 0, '12'),
('7521', 0, '12'),
('7522', 0, '12'),
('7523', 0, '12'),
('7524', 0, '12'),
('7525', 0, '12'),
('7526', 0, '12'),
('7527', 0, '12'),
('7528', 0, '12'),
('7529', 0, '12'),
('753', 0, '2'),
('7530', 0, '12'),
('7531', 0, '12'),
('7532', 0, '12'),
('7533', 0, '12'),
('7534', 0, '12'),
('7535', 0, '12'),
('7536', 0, '12'),
('7537', 0, '12'),
('7538', 0, '12'),
('7539', 0, '12'),
('754', 0, '2'),
('7540', 0, '12'),
('7541', 0, '12'),
('7542', 0, '12'),
('7543', 0, '12'),
('7544', 0, '12'),
('7545', 0, '12'),
('7546', 0, '12'),
('7547', 0, '12'),
('7548', 0, '12'),
('7549', 0, '12'),
('755', 0, '2'),
('7550', 0, '12'),
('7551', 0, '12'),
('7552', 0, '12'),
('7553', 0, '12'),
('7554', 0, '12'),
('7555', 0, '12'),
('7556', 0, '12'),
('7557', 0, '12'),
('7558', 0, '12'),
('7559', 0, '12'),
('756', 0, '2'),
('7560', 0, '12'),
('7561', 0, '12'),
('7562', 0, '12'),
('7563', 0, '12'),
('7564', 0, '12'),
('7565', 0, '12'),
('7566', 0, '12'),
('7567', 0, '12'),
('7568', 0, '12'),
('7569', 0, '12'),
('757', 0, '2'),
('7570', 0, '12'),
('7571', 0, '12'),
('7572', 0, '12'),
('7573', 0, '12'),
('7574', 0, '12'),
('7575', 0, '12'),
('7576', 0, '12'),
('7577', 0, '12'),
('7578', 0, '12'),
('7579', 0, '12'),
('758', 0, '2'),
('7580', 0, '12'),
('7581', 0, '12'),
('7582', 0, '12'),
('7583', 0, '12'),
('7584', 0, '12'),
('7585', 0, '12'),
('7586', 0, '12'),
('7587', 0, '12'),
('7588', 0, '12'),
('7589', 0, '12'),
('759', 0, '2'),
('7590', 0, '12'),
('7591', 0, '12'),
('7592', 0, '12'),
('7593', 0, '12'),
('7594', 0, '12'),
('7595', 0, '12'),
('7596', 0, '12'),
('7597', 0, '12'),
('7598', 0, '12'),
('7599', 0, '12'),
('76', 0, '1'),
('760', 0, '2'),
('7600', 0, '12'),
('7601', 0, '12'),
('7602', 0, '12'),
('7603', 0, '12'),
('7604', 0, '12'),
('7605', 0, '12'),
('7606', 0, '12'),
('7607', 0, '12'),
('7608', 0, '12'),
('7609', 0, '12'),
('761', 0, '2'),
('7610', 0, '12'),
('7611', 0, '12'),
('7612', 0, '12'),
('7613', 0, '12'),
('7614', 0, '12'),
('7615', 0, '12'),
('7616', 0, '12'),
('7617', 0, '12'),
('7618', 0, '12'),
('7619', 0, '12'),
('762', 0, '2'),
('7620', 0, '12'),
('7621', 0, '12'),
('7622', 0, '12'),
('7623', 0, '12'),
('7624', 0, '12'),
('7625', 0, '12'),
('7626', 0, '12'),
('7627', 0, '12'),
('7628', 0, '12'),
('7629', 0, '12'),
('763', 0, '2'),
('7630', 0, '12'),
('7631', 0, '12'),
('7632', 0, '12'),
('7633', 0, '12'),
('7634', 0, '12'),
('7635', 0, '12'),
('7636', 0, '12'),
('7637', 0, '12'),
('7638', 0, '12'),
('7639', 0, '12'),
('764', 0, '2'),
('7640', 0, '12'),
('7641', 0, '12'),
('7642', 0, '12'),
('7643', 0, '12'),
('7644', 0, '12'),
('7645', 0, '12'),
('7646', 0, '12'),
('7647', 0, '12'),
('7648', 0, '12'),
('7649', 0, '12'),
('765', 0, '2'),
('7650', 0, '12'),
('7651', 0, '12'),
('7652', 0, '12'),
('7653', 0, '12'),
('7654', 0, '12'),
('7655', 0, '12'),
('7656', 0, '12'),
('7657', 0, '12'),
('7658', 0, '12'),
('7659', 0, '12'),
('766', 0, '2'),
('7660', 0, '12'),
('7661', 0, '12'),
('7662', 0, '12'),
('7663', 0, '12'),
('7664', 0, '12'),
('7665', 0, '12'),
('7666', 0, '12'),
('7667', 0, '12'),
('7668', 0, '12'),
('7669', 0, '12'),
('767', 0, '2'),
('7670', 0, '12'),
('7671', 0, '12'),
('7672', 0, '12'),
('7673', 0, '12'),
('7674', 0, '12'),
('7675', 0, '12'),
('7676', 0, '12'),
('7677', 0, '12'),
('7678', 0, '12'),
('7679', 0, '12'),
('768', 0, '2'),
('7680', 0, '12'),
('7681', 0, '12'),
('7682', 0, '12'),
('7683', 0, '12'),
('7684', 0, '12'),
('7685', 0, '12'),
('7686', 0, '12'),
('7687', 0, '12'),
('7688', 0, '12'),
('7689', 0, '12'),
('769', 0, '2'),
('7690', 0, '12'),
('7691', 0, '12'),
('7692', 0, '12'),
('7693', 0, '12'),
('7694', 0, '12'),
('7695', 0, '12'),
('7696', 0, '12'),
('7697', 0, '12'),
('7698', 0, '12'),
('7699', 0, '12'),
('77', 0, '1'),
('770', 0, '2'),
('7700', 0, '12'),
('7701', 0, '12'),
('7702', 0, '12'),
('7703', 0, '12'),
('7704', 0, '12'),
('7705', 0, '12'),
('7706', 0, '12'),
('7707', 0, '12'),
('7708', 0, '12'),
('7709', 0, '12'),
('771', 0, '2'),
('7710', 0, '12'),
('7711', 0, '12'),
('7712', 0, '12'),
('7713', 0, '12'),
('7714', 0, '12'),
('7715', 0, '12'),
('7716', 0, '12'),
('7717', 0, '12'),
('7718', 0, '12'),
('7719', 0, '12'),
('772', 0, '2'),
('7720', 0, '12'),
('7721', 0, '12'),
('7722', 0, '12'),
('7723', 0, '12'),
('7724', 0, '12'),
('7725', 0, '12'),
('7726', 0, '12'),
('7727', 0, '12'),
('7728', 0, '12'),
('7729', 0, '12'),
('773', 0, '2'),
('7730', 0, '12'),
('7731', 0, '12'),
('7732', 0, '12'),
('7733', 0, '12'),
('7734', 0, '12'),
('7735', 0, '12'),
('7736', 0, '12'),
('7737', 0, '12'),
('7738', 0, '12'),
('7739', 0, '12'),
('774', 0, '2'),
('7740', 0, '12'),
('7741', 0, '12'),
('7742', 0, '12'),
('7743', 0, '12'),
('7744', 0, '12'),
('7745', 0, '12'),
('7746', 0, '12'),
('7747', 0, '12'),
('7748', 0, '12'),
('7749', 0, '12'),
('775', 0, '2'),
('7750', 0, '12'),
('7751', 0, '12'),
('7752', 0, '12'),
('7753', 0, '12'),
('7754', 0, '12'),
('7755', 0, '12'),
('7756', 0, '12'),
('7757', 0, '12'),
('7758', 0, '12'),
('7759', 0, '12'),
('776', 0, '2'),
('7760', 0, '12'),
('7761', 0, '12'),
('7762', 0, '12'),
('7763', 0, '12'),
('7764', 0, '12'),
('7765', 0, '12'),
('7766', 0, '12'),
('7767', 0, '12'),
('7768', 0, '12'),
('7769', 0, '12'),
('777', 0, '2'),
('7770', 0, '12'),
('7771', 0, '12'),
('7772', 0, '12'),
('7773', 0, '12'),
('7774', 0, '12'),
('7775', 0, '12'),
('7776', 0, '12'),
('7777', 0, '12'),
('7778', 0, '12'),
('7779', 0, '12'),
('778', 0, '2'),
('7780', 0, '12'),
('7781', 0, '12'),
('7782', 0, '12'),
('7783', 0, '12'),
('7784', 0, '12'),
('7785', 0, '12'),
('7786', 0, '12'),
('7787', 0, '12'),
('7788', 0, '12'),
('7789', 0, '12'),
('779', 0, '2'),
('7790', 0, '12'),
('7791', 0, '12'),
('7792', 0, '12'),
('7793', 0, '12'),
('7794', 0, '12'),
('7795', 0, '12'),
('7796', 0, '12'),
('7797', 0, '12'),
('7798', 0, '12'),
('7799', 0, '12'),
('78', 0, '1'),
('780', 0, '2'),
('7800', 0, '12'),
('7801', 0, '12'),
('7802', 0, '12'),
('7803', 0, '12'),
('7804', 0, '12'),
('7805', 0, '12'),
('7806', 0, '12'),
('7807', 0, '12'),
('7808', 0, '12'),
('7809', 0, '12'),
('781', 0, '2'),
('7810', 0, '12'),
('7811', 0, '12'),
('7812', 0, '12'),
('7813', 0, '12'),
('7814', 0, '12'),
('7815', 0, '12'),
('7816', 0, '12'),
('7817', 0, '12'),
('7818', 0, '12'),
('7819', 0, '12'),
('782', 0, '2'),
('7820', 0, '12'),
('7821', 0, '12'),
('7822', 0, '12'),
('7823', 0, '12'),
('7824', 0, '12'),
('7825', 0, '12'),
('7826', 0, '12'),
('7827', 0, '12'),
('7828', 0, '12'),
('7829', 0, '12'),
('783', 0, '2'),
('7830', 0, '12'),
('7831', 0, '12'),
('7832', 0, '12'),
('7833', 0, '12'),
('7834', 0, '12'),
('7835', 0, '12'),
('7836', 0, '12'),
('7837', 0, '12'),
('7838', 0, '12'),
('7839', 0, '12'),
('784', 0, '2'),
('7840', 0, '12'),
('7841', 0, '12'),
('7842', 0, '12'),
('7843', 0, '12'),
('7844', 0, '12'),
('7845', 0, '12'),
('7846', 0, '12'),
('7847', 0, '12'),
('7848', 0, '12'),
('7849', 0, '12'),
('785', 0, '2'),
('7850', 0, '12'),
('7851', 0, '12'),
('7852', 0, '12'),
('7853', 0, '12'),
('7854', 0, '12'),
('7855', 0, '12'),
('7856', 0, '12'),
('7857', 0, '12'),
('7858', 0, '12'),
('7859', 0, '12'),
('786', 0, '2'),
('7860', 0, '12'),
('7861', 0, '12'),
('7862', 0, '12'),
('7863', 0, '12'),
('7864', 0, '12'),
('7865', 0, '12'),
('7866', 0, '12'),
('7867', 0, '12'),
('7868', 0, '12'),
('7869', 0, '12'),
('787', 0, '2'),
('7870', 0, '12'),
('7871', 0, '12'),
('7872', 0, '12'),
('7873', 0, '12'),
('7874', 0, '12'),
('7875', 0, '12'),
('7876', 0, '12'),
('7877', 0, '12'),
('7878', 0, '12'),
('7879', 0, '12'),
('788', 0, '2'),
('7880', 0, '12'),
('7881', 0, '12'),
('7882', 0, '12'),
('7883', 0, '12'),
('7884', 0, '12'),
('7885', 0, '12'),
('7886', 0, '12'),
('7887', 0, '12'),
('7888', 0, '12'),
('7889', 0, '12'),
('789', 0, '2'),
('7890', 0, '12'),
('7891', 0, '12'),
('7892', 0, '12'),
('7893', 0, '12'),
('7894', 0, '12'),
('7895', 0, '12'),
('7896', 0, '12'),
('7897', 0, '12'),
('7898', 0, '12'),
('7899', 0, '12'),
('79', 0, '1'),
('790', 0, '2'),
('7900', 0, '12'),
('7901', 0, '12'),
('7902', 0, '12'),
('7903', 0, '12'),
('7904', 0, '12'),
('7905', 0, '12'),
('7906', 0, '12'),
('7907', 0, '12'),
('7908', 0, '12'),
('7909', 0, '12'),
('791', 0, '2'),
('7910', 0, '12'),
('7911', 0, '12'),
('7912', 0, '12'),
('7913', 0, '12'),
('7914', 0, '12'),
('7915', 0, '12'),
('7916', 0, '12'),
('7917', 0, '12'),
('7918', 0, '12'),
('7919', 0, '12'),
('792', 0, '2'),
('7920', 0, '12'),
('7921', 0, '12'),
('7922', 0, '12'),
('7923', 0, '12'),
('7924', 0, '12'),
('7925', 0, '12'),
('7926', 0, '12'),
('7927', 0, '12'),
('7928', 0, '12'),
('7929', 0, '12'),
('793', 0, '2'),
('7930', 0, '12'),
('7931', 0, '12'),
('7932', 0, '12'),
('7933', 0, '12'),
('7934', 0, '12'),
('7935', 0, '12'),
('7936', 0, '12'),
('7937', 0, '12'),
('7938', 0, '12'),
('7939', 0, '12'),
('794', 0, '2'),
('7940', 0, '12'),
('7941', 0, '12'),
('7942', 0, '12'),
('7943', 0, '12'),
('7944', 0, '12'),
('7945', 0, '12'),
('7946', 0, '12'),
('7947', 0, '12'),
('7948', 0, '12'),
('7949', 0, '12'),
('795', 0, '2'),
('7950', 0, '12'),
('7951', 0, '12'),
('7952', 0, '12'),
('7953', 0, '12'),
('7954', 0, '12'),
('7955', 0, '12'),
('7956', 0, '12'),
('7957', 0, '12'),
('7958', 0, '12'),
('7959', 0, '12'),
('796', 0, '2'),
('7960', 0, '12'),
('7961', 0, '12'),
('7962', 0, '12'),
('7963', 0, '12'),
('7964', 0, '12'),
('7965', 0, '12'),
('7966', 0, '12'),
('7967', 0, '12'),
('7968', 0, '12'),
('7969', 0, '12'),
('797', 0, '2'),
('7970', 0, '12'),
('7971', 0, '12'),
('7972', 0, '12'),
('7973', 0, '12'),
('7974', 0, '12'),
('7975', 0, '12'),
('7976', 0, '12'),
('7977', 0, '12'),
('7978', 0, '12'),
('7979', 0, '12'),
('798', 0, '2'),
('7980', 0, '12'),
('7981', 0, '12'),
('7982', 0, '12'),
('7983', 0, '12'),
('7984', 0, '12'),
('7985', 0, '12'),
('7986', 0, '12'),
('7987', 0, '12'),
('7988', 0, '12'),
('7989', 0, '12'),
('799', 0, '2'),
('7990', 0, '12'),
('7991', 0, '12'),
('7992', 0, '12'),
('7993', 0, '12'),
('7994', 0, '12'),
('7995', 0, '12'),
('7996', 0, '12'),
('7997', 0, '12'),
('7998', 0, '12'),
('7999', 0, '12'),
('8', 0, '1'),
('80', 0, '1'),
('800', 0, '2'),
('8000', 0, '12'),
('8001', 0, '12'),
('8002', 0, '12'),
('8003', 0, '12'),
('8004', 0, '12'),
('8005', 0, '12'),
('8006', 0, '12'),
('8007', 0, '12'),
('8008', 0, '12'),
('8009', 0, '12'),
('801', 0, '2'),
('8010', 0, '12'),
('8011', 0, '12'),
('8012', 0, '12'),
('8013', 0, '12'),
('8014', 0, '12'),
('8015', 0, '12'),
('8016', 0, '12'),
('8017', 0, '12'),
('8018', 0, '12'),
('8019', 0, '12'),
('802', 0, '2'),
('8020', 0, '12'),
('8021', 0, '12'),
('8022', 0, '12'),
('8023', 0, '12'),
('8024', 0, '12'),
('8025', 0, '12'),
('8026', 0, '12'),
('8027', 0, '12'),
('8028', 0, '12'),
('8029', 0, '12'),
('803', 0, '2'),
('8030', 0, '12'),
('8031', 0, '12'),
('8032', 0, '12'),
('8033', 0, '12'),
('8034', 0, '12'),
('8035', 0, '12'),
('8036', 0, '12'),
('8037', 0, '12'),
('8038', 0, '12'),
('8039', 0, '12'),
('804', 0, '2'),
('8040', 0, '12'),
('8041', 0, '12'),
('8042', 0, '12'),
('8043', 0, '12'),
('8044', 0, '12'),
('8045', 0, '12'),
('8046', 0, '12'),
('8047', 0, '12'),
('8048', 0, '12'),
('8049', 0, '12'),
('805', 0, '2'),
('8050', 0, '12'),
('8051', 0, '12'),
('8052', 0, '12'),
('8053', 0, '12'),
('8054', 0, '12'),
('8055', 0, '12'),
('8056', 0, '12'),
('8057', 0, '12'),
('8058', 0, '12'),
('8059', 0, '12'),
('806', 0, '2'),
('8060', 0, '12'),
('8061', 0, '12'),
('8062', 0, '12'),
('8063', 0, '12'),
('8064', 0, '12'),
('8065', 0, '12'),
('8066', 0, '12'),
('8067', 0, '12'),
('8068', 0, '12'),
('8069', 0, '12'),
('807', 0, '2'),
('8070', 0, '12'),
('8071', 0, '12'),
('8072', 0, '12'),
('8073', 0, '12'),
('8074', 0, '12'),
('8075', 0, '12'),
('8076', 0, '12'),
('8077', 0, '12'),
('8078', 0, '12'),
('8079', 0, '12'),
('808', 0, '2'),
('8080', 0, '12'),
('8081', 0, '12'),
('8082', 0, '12'),
('8083', 0, '12'),
('8084', 0, '12'),
('8085', 0, '12'),
('8086', 0, '12'),
('8087', 0, '12'),
('8088', 0, '12'),
('8089', 0, '12'),
('809', 0, '2'),
('8090', 0, '12'),
('8091', 0, '12'),
('8092', 0, '12'),
('8093', 0, '12'),
('8094', 0, '12'),
('8095', 0, '12'),
('8096', 0, '12'),
('8097', 0, '12'),
('8098', 0, '12'),
('8099', 0, '12'),
('81', 0, '1'),
('810', 0, '2'),
('8100', 0, '12'),
('8101', 0, '12'),
('8102', 0, '12'),
('8103', 0, '12'),
('8104', 0, '12'),
('8105', 0, '12'),
('8106', 0, '12'),
('8107', 0, '12'),
('8108', 0, '12'),
('8109', 0, '12'),
('811', 0, '2'),
('8110', 0, '12'),
('8111', 0, '12'),
('8112', 0, '12'),
('8113', 0, '12'),
('8114', 0, '12'),
('8115', 0, '12'),
('8116', 0, '12'),
('8117', 0, '12'),
('8118', 0, '12'),
('8119', 0, '12'),
('812', 0, '2'),
('8120', 0, '12'),
('8121', 0, '12'),
('8122', 0, '12'),
('8123', 0, '12'),
('8124', 0, '12'),
('8125', 0, '12'),
('8126', 0, '12'),
('8127', 0, '12'),
('8128', 0, '12'),
('8129', 0, '12'),
('813', 0, '2'),
('8130', 0, '12'),
('8131', 0, '12'),
('8132', 0, '12'),
('8133', 0, '12'),
('8134', 0, '12'),
('8135', 0, '12'),
('8136', 0, '12'),
('8137', 0, '12'),
('8138', 0, '12'),
('8139', 0, '12'),
('814', 0, '2'),
('8140', 0, '12'),
('8141', 0, '12'),
('8142', 0, '12'),
('8143', 0, '12'),
('8144', 0, '12'),
('8145', 0, '12'),
('8146', 0, '12'),
('8147', 0, '12'),
('8148', 0, '12'),
('8149', 0, '12'),
('815', 0, '2'),
('8150', 0, '12'),
('8151', 0, '12'),
('8152', 0, '12'),
('8153', 0, '12'),
('8154', 0, '12'),
('8155', 0, '12'),
('8156', 0, '12'),
('8157', 0, '12'),
('8158', 0, '12'),
('8159', 0, '12'),
('816', 0, '2'),
('8160', 0, '12'),
('8161', 0, '12'),
('8162', 0, '12'),
('8163', 0, '12'),
('8164', 0, '12'),
('8165', 0, '12'),
('8166', 0, '12'),
('8167', 1, '12'),
('8168', 1, '12'),
('8169', 1, '12'),
('817', 0, '2'),
('8170', 1, '12'),
('8171', 1, '12'),
('8172', 1, '12'),
('8173', 1, '12'),
('8174', 1, '12'),
('8175', 1, '12'),
('8176', 1, '12'),
('8177', 1, '12'),
('8178', 1, '12'),
('8179', 1, '12'),
('818', 0, '2'),
('8180', 1, '12'),
('8181', 1, '12'),
('819', 0, '2'),
('82', 0, '1'),
('820', 0, '2'),
('821', 0, '2'),
('822', 0, '2'),
('823', 0, '2'),
('824', 0, '2'),
('825', 0, '2'),
('826', 0, '2'),
('827', 0, '2'),
('828', 0, '2'),
('829', 0, '2'),
('83', 0, '1'),
('830', 0, '2'),
('831', 0, '2'),
('832', 0, '2'),
('833', 0, '2'),
('834', 0, '2'),
('835', 0, '2'),
('836', 0, '2'),
('837', 0, '2'),
('838', 0, '2'),
('839', 0, '2'),
('84', 0, '1'),
('840', 0, '2'),
('841', 0, '2'),
('842', 0, '2'),
('843', 0, '2'),
('844', 0, '2'),
('845', 0, '2'),
('846', 0, '2'),
('847', 0, '2'),
('848', 0, '2'),
('849', 0, '2'),
('85', 0, '1'),
('850', 0, '2'),
('851', 0, '2'),
('852', 0, '2'),
('853', 0, '2'),
('854', 0, '2'),
('855', 0, '2'),
('856', 0, '2'),
('857', 0, '2'),
('858', 0, '2'),
('859', 0, '2'),
('86', 0, '1'),
('860', 0, '2'),
('861', 0, '2'),
('862', 0, '2'),
('863', 0, '2'),
('864', 0, '2'),
('865', 0, '2'),
('866', 0, '2'),
('867', 0, '2'),
('868', 0, '2'),
('869', 0, '2'),
('87', 0, '1'),
('870', 0, '2'),
('871', 0, '2'),
('872', 0, '2'),
('873', 0, '2'),
('874', 0, '2'),
('875', 0, '2'),
('876', 0, '2'),
('877', 0, '2'),
('878', 0, '2'),
('879', 0, '2'),
('88', 0, '1'),
('880', 0, '2'),
('881', 0, '2'),
('882', 0, '2'),
('883', 0, '2'),
('884', 0, '2'),
('885', 0, '2'),
('886', 0, '2'),
('887', 0, '2'),
('888', 0, '2'),
('889', 0, '2'),
('89', 0, '1'),
('890', 0, '2'),
('891', 0, '2'),
('892', 0, '2'),
('893', 0, '2'),
('894', 0, '2'),
('895', 0, '2'),
('896', 0, '2'),
('897', 0, '2'),
('898', 0, '2'),
('899', 0, '2'),
('9', 0, '1'),
('90', 0, '1'),
('900', 0, '2'),
('901', 0, '2'),
('902', 0, '2'),
('903', 0, '2'),
('904', 0, '2'),
('905', 0, '2'),
('906', 0, '2'),
('907', 0, '2'),
('908', 0, '2'),
('909', 0, '2'),
('91', 0, '1'),
('910', 0, '2'),
('911', 0, '2'),
('912', 0, '2'),
('913', 0, '2'),
('914', 0, '2'),
('915', 0, '2'),
('916', 0, '2'),
('917', 0, '2'),
('918', 0, '2'),
('919', 0, '2'),
('92', 0, '1'),
('920', 0, '2'),
('921', 0, '2'),
('922', 0, '2'),
('923', 0, '2'),
('924', 0, '2'),
('925', 0, '2'),
('926', 0, '2'),
('927', 0, '2'),
('928', 0, '2'),
('929', 0, '2'),
('93', 0, '1'),
('930', 0, '2'),
('931', 0, '2'),
('932', 0, '2'),
('933', 0, '2'),
('934', 0, '2'),
('935', 0, '2'),
('936', 0, '2'),
('937', 0, '2'),
('938', 0, '2'),
('939', 0, '2'),
('94', 0, '1'),
('940', 0, '2'),
('941', 0, '2'),
('942', 0, '2'),
('943', 0, '2'),
('944', 0, '2'),
('945', 0, '2'),
('946', 0, '2'),
('947', 0, '2'),
('948', 0, '2'),
('949', 0, '2'),
('95', 0, '1'),
('950', 0, '2'),
('951', 0, '2'),
('952', 0, '2'),
('953', 0, '2'),
('954', 0, '2'),
('955', 0, '2'),
('956', 0, '2'),
('957', 0, '2'),
('958', 0, '2'),
('959', 0, '2'),
('96', 0, '1'),
('960', 0, '2'),
('961', 0, '2'),
('962', 0, '2'),
('963', 0, '2'),
('964', 0, '2'),
('965', 0, '2'),
('966', 0, '2'),
('967', 0, '2'),
('968', 0, '2'),
('969', 0, '2'),
('97', 0, '1'),
('970', 0, '2'),
('971', 0, '2'),
('972', 0, '2'),
('973', 0, '2'),
('974', 0, '2'),
('975', 0, '2'),
('976', 0, '2'),
('977', 0, '2'),
('978', 0, '2'),
('979', 0, '2'),
('98', 0, '1'),
('980', 0, '2'),
('981', 0, '2'),
('982', 0, '2'),
('983', 0, '2'),
('984', 0, '2'),
('985', 0, '2'),
('986', 0, '2'),
('987', 0, '2'),
('988', 0, '2'),
('989', 0, '2'),
('99', 0, '1'),
('990', 0, '2'),
('991', 0, '2'),
('992', 0, '2'),
('993', 0, '2'),
('994', 0, '2'),
('995', 0, '2'),
('996', 0, '2'),
('997', 0, '2'),
('998', 0, '2'),
('999', 0, '2');

-- --------------------------------------------------------

--
-- Table structure for table `propose`
--

CREATE TABLE IF NOT EXISTS `propose` (
  `IdentifiantPark` varchar(50) NOT NULL,
  `Nom_Service` varchar(25) NOT NULL
) ENGINE=InnoDB DEFAULT CHARSET=latin1;

-- --------------------------------------------------------

--
-- Table structure for table `reservation`
--

CREATE TABLE IF NOT EXISTS `reservation` (
  `id_reserv` int(11) NOT NULL,
  `DateDebut` datetime NOT NULL,
  `DateFin` datetime NOT NULL,
  `id_place` varchar(50) NOT NULL,
  `id_client` varchar(11) NOT NULL,
  `id_park` varchar(50) NOT NULL,
  `prix` float NOT NULL
) ENGINE=InnoDB AUTO_INCREMENT=56 DEFAULT CHARSET=latin1;

--
-- Dumping data for table `reservation`
--

INSERT INTO `reservation` (`id_reserv`, `DateDebut`, `DateFin`, `id_place`, `id_client`, `id_park`, `prix`) VALUES
(49, '2017-04-06 00:00:00', '2017-04-07 00:00:00', '1', 'jesus@', '1', 96),
(50, '2017-04-07 00:00:00', '2017-04-14 00:00:00', '1', 'jesus@', '1', 672),
(51, '2017-04-05 01:00:00', '2017-04-12 00:00:00', '7500', 'jesus@', '12', 400.8),
(52, '2018-04-20 00:15:00', '2017-04-21 00:00:00', '1223', 'bob', '3', -20967),
(53, '2017-04-13 00:00:00', '2017-04-14 00:00:00', '1431', 'nab', '4', 76.8),
(54, '2017-04-22 00:00:00', '2017-04-24 00:00:00', '1223', 'jesus@', '3', 115.2),
(55, '2017-04-22 00:00:00', '2017-04-24 00:00:00', '1431', 'julien@', '4', 153.6);

-- --------------------------------------------------------

--
-- Table structure for table `services`
--

CREATE TABLE IF NOT EXISTS `services` (
  `NomService` varchar(200) NOT NULL,
  `TypeService` varchar(150) NOT NULL
) ENGINE=InnoDB DEFAULT CHARSET=latin1;

--
-- Dumping data for table `services`
--

INSERT INTO `services` (`NomService`, `TypeService`) VALUES
('Abonnement à tarif préférentiel pour les véhicules électriques', 'OFFRES PROMOTIONNELLES ET FACILITES DE PAIEMENT'),
('Accessibilité PMR : moyens spécifiques proposés', 'ACCESSIBILITE PMR'),
('Accompagnement à la place de stationnement (sur demande) y compris PMR', 'SERVICES DE COURTOISIE'),
('Ambiance olfactive', 'SERVICES DE COURTOISIE'),
('Ascenseur(s)', 'SERVICES DE COURTOISIE'),
('Auto-partage et/ou location de véhicules thermiques et/ou électriques/covoiturage', 'DEPANNAGE ET ENTRETIEN VEHICULES MOTORISES'),
('Carte de fidélité donnant lieu à tarifs préférentiels et autres avantages dans le parking et boutiques associées', 'OFFRES PROMOTIONNELLES ET FACILITES DE PAIEMENT'),
('Centre de relation clients téléphonique et Internet', 'INFORMATIONS ET CULTURE'),
('Chargeur de batterie gratuit (mise à disposition)/Kit de dépannage véhicules/Bombe anticrevaison', 'DEPANNAGE ET ENTRETIEN VEHICULES MOTORISES'),
('Consigne à casques, et consigne équipements motos', 'SERVICES DE COURTOISIE'),
('Dépose-minute', 'SERVICES DE COURTOISIE'),
('Distributeurs de nourriture et/ou boissons', 'SERVICES DE COURTOISIE'),
('Exposition d''œuvres d''art', 'INFORMATIONS ET CULTURE'),
('Jalonnement lumineux jusqu''à la place de parking', 'SECURITE'),
('Mise à disposition de containers spéciaux pour piles usagées, cartouches d''imprimante, revues et journaux', 'SERVICES DE COURTOISIE'),
('Mise à disposition de fiches tarifaires et/ou de brochures de l''office du tourisme', 'INFORMATIONS ET CULTURE'),
('Multiplicité des moyens de paiement, achat de tickets de stationnement par Internet ou mobile', 'OFFRES PROMOTIONNELLES ET FACILITES DE PAIEMENT'),
('Offre promotionnelle - Commerçants : achat à tarif réduit de bons de paiement stationnement pour la clientèle', 'OFFRES PROMOTIONNELLES ET FACILITES DE PAIEMENT'),
('Panneaux d''affichage des services, tarifs, informations, évènements, publicités, disposés aux endroits stratégiques', 'INFORMATIONS ET CULTURE'),
('Partenaire de l''opération "chèque parking"', 'OFFRES PROMOTIONNELLES ET FACILITES DE PAIEMENT'),
('Places « fair-play », de confort et/ou de courtoisie et/ou VIP', 'SERVICES DE COURTOISIE'),
('Plans des quartiers et de la ville consultables', 'INFORMATIONS ET CULTURE'),
('Plans du parking disposés aux endroits stratégiques', 'INFORMATIONS ET CULTURE'),
('Présentoirs à journaux gratuits', 'INFORMATIONS ET CULTURE'),
('Prêt de paniers et cabas', 'SERVICES DE COURTOISIE'),
('Prêt de parapluie', 'SERVICES DE COURTOISIE'),
('Prêt gracieux de vélos pour les clients du parking (ou pour abonnés TaM stationnement ou transport)', 'VELOS - 2 ROUES MOTORISES'),
('Printemps des poètes : affichage de poèmes et distribution gratuite de recueils de poèmes sur demande pendant un mois', 'INFORMATIONS ET CULTURE'),
('Publicité en faveur des commerces partenaires, géographiquement proches du parking', 'INFORMATIONS ET CULTURE'),
('Radio / ambiance sonore agréable', 'SERVICES DE COURTOISIE'),
('Réalisation d''enquêtes de satisfaction et de contrôles de qualité des services', 'INFORMATIONS ET CULTURE'),
('Recharge de véhicules électriques libre service', 'DEPANNAGE ET ENTRETIEN VEHICULES MOTORISES'),
('Réservation des places de stationnement lors de la fête de la musique', 'OFFRES PROMOTIONNELLES ET FACILITES DE PAIEMENT'),
('Site Internet informatif et commercial accessible sur mobiles et/ou géolocalisation du parking', 'INFORMATIONS ET CULTURE'),
('Station de gonflage de pneus', 'DEPANNAGE ET ENTRETIEN VEHICULES MOTORISES'),
('Station de lavage de véhicules (sur place ou sur RDV)', 'DEPANNAGE ET ENTRETIEN VEHICULES MOTORISES'),
('Stationnement gratuit le jour de l''anniversaire du client', 'OFFRES PROMOTIONNELLES ET FACILITES DE PAIEMENT'),
('Stationnement gratuit pour les mariés et tarif préférentiel pour les invités le jour du mariage', 'OFFRES PROMOTIONNELLES ET FACILITES DE PAIEMENT'),
('Stationnement gratuit vélos (sécurisé ou non)', 'VELOS - 2 ROUES MOTORISES'),
('Tarifs avantageux pour les voyageurs SNCF (4€ à 5€/jour sur présentation du billet SNCF)', 'OFFRES PROMOTIONNELLES ET FACILITES DE PAIEMENT'),
('Toilettes gratuites', 'SERVICES DE COURTOISIE'),
('Vidéo surveillance', 'SECURITE'),
('Voiturier mis à disposition (parking VIP)', 'SERVICES DE COURTOISIE');

--
-- Indexes for dumped tables
--

--
-- Indexes for table `abonnement`
--
ALTER TABLE `abonnement`
  ADD PRIMARY KEY (`id_abonnement`),
  ADD KEY `id_place` (`id_place`),
  ADD KEY `id_client` (`id_client`),
  ADD KEY `id_offre` (`id_offre`);

--
-- Indexes for table `client`
--
ALTER TABLE `client`
  ADD PRIMARY KEY (`mail`),
  ADD UNIQUE KEY `mail` (`mail`),
  ADD UNIQUE KEY `mail_2` (`mail`);

--
-- Indexes for table `occupation`
--
ALTER TABLE `occupation`
  ADD PRIMARY KEY (`IndentifiantClients`,`identifiantPlace`),
  ADD KEY `FK_Occupation_identifiantPlace` (`identifiantPlace`);

--
-- Indexes for table `offresabonnement`
--
ALTER TABLE `offresabonnement`
  ADD PRIMARY KEY (`IdentifiantOffre`),
  ADD KEY `FK_OffresAbonnement_IdentifiantPark` (`IdentifiantPark`);

--
-- Indexes for table `parking`
--
ALTER TABLE `parking`
  ADD PRIMARY KEY (`IdentifiantPark`);

--
-- Indexes for table `place`
--
ALTER TABLE `place`
  ADD PRIMARY KEY (`identifiantPlace`),
  ADD KEY `FK_Place_IdentifiantPark` (`IdentifiantPark`);

--
-- Indexes for table `propose`
--
ALTER TABLE `propose`
  ADD PRIMARY KEY (`IdentifiantPark`,`Nom_Service`),
  ADD KEY `FK_propose_Nom_service` (`Nom_Service`);

--
-- Indexes for table `reservation`
--
ALTER TABLE `reservation`
  ADD PRIMARY KEY (`id_reserv`),
  ADD KEY `id_place` (`id_place`),
  ADD KEY `id_client` (`id_client`),
  ADD KEY `id_park` (`id_park`);

--
-- Indexes for table `services`
--
ALTER TABLE `services`
  ADD PRIMARY KEY (`NomService`);

--
-- AUTO_INCREMENT for dumped tables
--

--
-- AUTO_INCREMENT for table `abonnement`
--
ALTER TABLE `abonnement`
  MODIFY `id_abonnement` int(20) NOT NULL AUTO_INCREMENT,AUTO_INCREMENT=15;
--
-- AUTO_INCREMENT for table `reservation`
--
ALTER TABLE `reservation`
  MODIFY `id_reserv` int(11) NOT NULL AUTO_INCREMENT,AUTO_INCREMENT=56;
--
-- Constraints for dumped tables
--

--
-- Constraints for table `abonnement`
--
ALTER TABLE `abonnement`
  ADD CONSTRAINT `fk_abonnement_client` FOREIGN KEY (`id_client`) REFERENCES `client` (`mail`),
  ADD CONSTRAINT `fk_abonnement_offre` FOREIGN KEY (`id_offre`) REFERENCES `offresabonnement` (`IdentifiantOffre`),
  ADD CONSTRAINT `fk_abonnement_place` FOREIGN KEY (`id_place`) REFERENCES `place` (`identifiantPlace`);

--
-- Constraints for table `occupation`
--
ALTER TABLE `occupation`
  ADD CONSTRAINT `FK_Occupation_IdentifiantClient` FOREIGN KEY (`IndentifiantClients`) REFERENCES `client` (`mail`),
  ADD CONSTRAINT `FK_Occupation_identifiantPlace` FOREIGN KEY (`identifiantPlace`) REFERENCES `place` (`identifiantPlace`);

--
-- Constraints for table `offresabonnement`
--
ALTER TABLE `offresabonnement`
  ADD CONSTRAINT `FK_OffresAbonnement_IdentifiantPark` FOREIGN KEY (`IdentifiantPark`) REFERENCES `parking` (`IdentifiantPark`);

--
-- Constraints for table `place`
--
ALTER TABLE `place`
  ADD CONSTRAINT `FK_Place_IdentifiantPark` FOREIGN KEY (`IdentifiantPark`) REFERENCES `parking` (`IdentifiantPark`);

--
-- Constraints for table `propose`
--
ALTER TABLE `propose`
  ADD CONSTRAINT `FK_propose_IdentifiantPark` FOREIGN KEY (`IdentifiantPark`) REFERENCES `parking` (`IdentifiantPark`),
  ADD CONSTRAINT `FK_propose_Nom_service` FOREIGN KEY (`Nom_Service`) REFERENCES `services` (`NomService`);

--
-- Constraints for table `reservation`
--
ALTER TABLE `reservation`
  ADD CONSTRAINT `fk_reservation_idclient` FOREIGN KEY (`id_client`) REFERENCES `client` (`mail`),
  ADD CONSTRAINT `fk_reservation_idpark` FOREIGN KEY (`id_park`) REFERENCES `parking` (`IdentifiantPark`),
  ADD CONSTRAINT `fk_reservation_idplace` FOREIGN KEY (`id_place`) REFERENCES `place` (`identifiantPlace`);

/*!40101 SET CHARACTER_SET_CLIENT=@OLD_CHARACTER_SET_CLIENT */;
/*!40101 SET CHARACTER_SET_RESULTS=@OLD_CHARACTER_SET_RESULTS */;
/*!40101 SET COLLATION_CONNECTION=@OLD_COLLATION_CONNECTION */;
